"p1";"id1";"score1";"p2";"id2";"score2";"completed";"tournament";"first_to"
"D4C";707867;0;"Guizo";971399;2;1544892553;"Koopa Armada";2
"Fakinha";847974;2;"Gotelho";977744;0;1544892585;"Koopa Armada";2
"Blaze";539744;1;"Thales";982876;2;1544893041;"Koopa Armada";2
"Mr. Z";981324;0;"Leso";209976;2;1544893052;"Koopa Armada";2
"MICK";981066;2;"PokaTranca";970714;0;1544893061;"Koopa Armada";2
"Celly";982850;0;"IzZI127";932613;2;1544893084;"Koopa Armada";2
"Sully";982853;2;"Neoob";982840;1;1544893090;"Koopa Armada";2
"BrianGun";945338;2;"Aisengobay";40335;0;1544893096;"Koopa Armada";2
"Drei";982890;0;"Dr. Lemos";173825;2;1544893215;"Koopa Armada";2
"chapeudopresto";951049;2;"Linus";982915;0;1544893336;"Koopa Armada";2
"Quantumleaper NEO";172332;2;"LukeThomaz";424323;0;1544893391;"Koopa Armada";2
"Maycky";491163;2;"Renault";982878;1;1544893537;"Koopa Armada";2
"Jayache";982870;0;"Sabino";953008;2;1544893568;"Koopa Armada";2
"Owlogy";949477;0;"Daftmind";982956;2;1544893584;"Koopa Armada";2
"Burtão";172170;2;"Frostfire";397074;1;1544893667;"Koopa Armada";2
"Afro";37319;2;"Ozzy";983673;0;1544893791;"Koopa Armada";2
"GodUsopp";496351;0;"Maleson";964809;2;1544893874;"Koopa Armada";2
"Luma";792862;2;"Mini Roc";981344;0;1544893896;"Koopa Armada";2
"Vyse";557753;2;"IzZI127";932613;0;1544893995;"Koopa Armada";2
"Dethnerv";707890;2;"Artch";780410;1;1544894027;"Koopa Armada";2
"FullMoon";172734;2;"TROVS";982873;0;1544894982;"Koopa Armada";2
"Roc~";547836;2;"MICK";981066;0;1544895017;"Koopa Armada";2
"Patraozin";945342;0;"MiniGoku";944386;2;1544895070;"Koopa Armada";2
"Zord";172333;0;"Maleson";964809;2;1544895097;"Koopa Armada";2
"Miguelindo";982869;0;"Guizo";971399;2;1544895197;"Koopa Armada";2
"Cyber Twilight";172466;2;"Afro";37319;1;1544895274;"Koopa Armada";2
"Quantumleaper NEO";172332;0;"Fakinha";847974;2;1544895347;"Koopa Armada";2
"Messias";632774;1;"Sully";982853;2;1544895543;"Koopa Armada";2
"KD";850454;0;"Abaca";780369;2;1544895642;"Koopa Armada";2
"Prolo";21068;2;"Calvao";982960;0;1544895693;"Koopa Armada";2
"Roboto";557806;2;"chapeudopresto";951049;0;1544896032;"Koopa Armada";2
"Danny";982983;0;"Monad0";944232;2;1544896046;"Koopa Armada";2
"RoD";172230;2;"Gim";143935;0;1544896066;"Koopa Armada";2
"Zombie Hunter";982916;0;"Korn";495453;2;1544896263;"Koopa Armada";2
"Sonic Orochi";37820;2;"Pete";543371;0;1544896322;"Koopa Armada";2
"Leso";209976;2;"Moonflair";982877;0;1544896489;"Koopa Armada";2
"BeBop";69497;2;"Daftmind";982956;0;1544896601;"Koopa Armada";2
"Sky";547786;2;"Thiago Neoob";982841;0;1544897224;"Koopa Armada";2
"RitsuoFox";469732;2;"Prolo";21068;1;1544897261;"Koopa Armada";2
"Ultimate";795203;2;"Maycky";491163;0;1544897297;"Koopa Armada";2
"donotc0ntinue";947229;2;"Pe de Moleque";982849;1;1544897374;"Koopa Armada";2
"Luij";495529;0;"Dethnerv";707890;2;1544897413;"Koopa Armada";2
"Elias";229014;2;"Burtão";172170;1;1544897498;"Koopa Armada";2
"Joaoarara";982957;0;"SKPeter";175453;2;1544897610;"Koopa Armada";2
"Floko";558693;2;"Kanto";960056;0;1544898084;"Koopa Armada";2
"Neptune";982872;0;"RoD";172230;2;1544898256;"Koopa Armada";2
"Afro";37319;2;"Mr. Z";981324;0;1544898331;"Koopa Armada";2
"BeBop";69497;2;"Korn";495453;0;1544898414;"Koopa Armada";2
"Jab Air";172682;1;"Sabino";953008;2;1544898728;"Koopa Armada";2
"Cyber Twilight";172466;2;"BrianGun";945338;1;1544898848;"Koopa Armada";2
"Blaze";539744;0;"Afro";37319;2;1544898920;"Koopa Armada";2
"BrunoLana";945044;1;"MiniGoku";944386;2;1544899025;"Koopa Armada";2
"chapeudopresto";951049;2;"D4C";707867;0;1544899094;"Koopa Armada";2
"Moonflair";982877;2;"Ozzy";983673;1;1544899215;"Koopa Armada";2
"Sky";547786;2;"SKPeter";175453;0;1544899420;"Koopa Armada";2
"Roboto";557806;0;"Dr. Lemos";173825;2;1544899494;"Koopa Armada";2
"Vyse";557753;2;"Sully";982853;0;1544899559;"Koopa Armada";2
"Sosser";557695;2;"Abaca";780369;0;1544899644;"Koopa Armada";2
"Quantumleaper NEO";172332;2;"TROVS";982873;0;1544899680;"Koopa Armada";2
"Floko";558693;2;"Guizo";971399;0;1544899859;"Koopa Armada";2
"Maleson";964809;2;"RoD";172230;0;1544899944;"Koopa Armada";2
"Luffy";157946;2;"Thales";982876;0;1544899986;"Koopa Armada";2
"Roc~";547836;2;"Lorenzo";40460;0;1544900022;"Koopa Armada";2
"Burtão";172170;2;"Gim";143935;0;1544900122;"Koopa Armada";2
"GodUsopp";496351;0;"Burtão";172170;2;1544900132;"Koopa Armada";2
"Zombie Hunter";982916;0;"Daftmind";982956;2;1544900367;"Koopa Armada";2
"Neptune";982872;2;"Frostfire";397074;0;1544900386;"Koopa Armada";2
"Miguelindo";982869;2;"Linus";982915;0;1544900447;"Koopa Armada";2
"RitsuoFox";469732;2;"Monad0";944232;0;1544900594;"Koopa Armada";2
"Ultimate";795203;2;"Fexta!";234851;0;1544900610;"Koopa Armada";2
"Owlogy";949477;0;"Maycky";491163;2;1544900801;"Koopa Armada";2
"Jab Air";172682;2;"Patraozin";945342;0;1544900838;"Koopa Armada";2
"Celly";982850;0;"MICK";981066;2;1544900870;"Koopa Armada";2
"BrunoLana";945044;2;"Jayache";982870;0;1544900928;"Koopa Armada";2
"Joaoarara";982957;2;"Gotelho";977744;0;1544901063;"Koopa Armada";2
"Luij";495529;2;"Calvao";982960;0;1544901102;"Koopa Armada";2
"RoD";172230;2;"Daftmind";982956;0;1544901131;"Koopa Armada";2
"Luffy";157946;2;"Leso";209976;0;1544901218;"Koopa Armada";2
"Dr. Lemos";173825;0;"Sky";547786;2;1544901350;"Koopa Armada";2
"FullMoon";172734;1;"Fakinha";847974;2;1544901372;"Koopa Armada";2
"Elias";229014;2;"donotc0ntinue";947229;0;1544901572;"Koopa Armada";2
"Sabino";953008;2;"Luma";792862;0;1544901657;"Koopa Armada";2
"Prolo";21068;2;"Artch";780410;0;1544901686;"Koopa Armada";2
"Guizo";971399;0;"Joaoarara";982957;2;1544901737;"Koopa Armada";2
"Neptune";982872;0;"Zord";172333;2;1544901885;"Koopa Armada";2
"Sonic Orochi";37820;2;"Dethnerv";707890;0;1544902019;"Koopa Armada";2
"Roboto";557806;2;"Quantumleaper NEO";172332;0;1544902162;"Koopa Armada";2
"Kanto";960056;0;"Drei";982890;2;1544902179;"Koopa Armada";2
"Moonflair";982877;2;"Thales";982876;0;1544902240;"Koopa Armada";2
"Sosser";557695;2;"MiniGoku";944386;0;1544902272;"Koopa Armada";2
"Vyse";557753;0;"Cyber Twilight";172466;2;1544902560;"Koopa Armada";2
"BrianGun";945338;2;"MICK";981066;0;1544902570;"Koopa Armada";2
"Korn";495453;0;"Zord";172333;2;1544902661;"Koopa Armada";2
"Lorenzo";40460;0;"Afro";37319;2;1544902851;"Koopa Armada";2
"FullMoon";172734;2;"chapeudopresto";951049;0;1544902876;"Koopa Armada";2
"Abaca";780369;2;"Mini Roc";981344;0;1544903087;"Koopa Armada";2
"Messias";632774;2;"PokaTranca";970714;1;1544903134;"Koopa Armada";2
"Ultimate";795203;2;"Maleson";964809;1;1544903408;"Koopa Armada";2
"Sonic Orochi";37820;0;"Sosser";557695;2;1544903544;"Koopa Armada";2
"Miguelindo";982869;1;"Drei";982890;2;1544903609;"Koopa Armada";2
"KD";850454;1;"Jab Air";172682;2;1544903632;"Koopa Armada";2
"Luij";495529;0;"Pete";543371;2;1544903739;"Koopa Armada";2
"Joaoarara";982957;2;"FullMoon";172734;1;1544903880;"Koopa Armada";2
"donotc0ntinue";947229;0;"Maycky";491163;2;1544903964;"Koopa Armada";2
"MiniGoku";944386;2;"Prolo";21068;0;1544904010;"Koopa Armada";2
"Elias";229014;0;"BeBop";69497;2;1544904060;"Koopa Armada";2
"Messias";632774;0;"IzZI127";932613;2;1544904147;"Koopa Armada";2
"Fexta!";234851;0;"Burtão";172170;2;1544904205;"Koopa Armada";2
"Luma";792862;2;"Pete";543371;0;1544904263;"Koopa Armada";2
"Sully";982853;0;"Moonflair";982877;2;1544904379;"Koopa Armada";2
"Dethnerv";707890;0;"Jab Air";172682;2;1544904482;"Koopa Armada";2
"BrunoLana";945044;1;"Abaca";780369;2;1544904556;"Koopa Armada";2
"Luffy";157946;2;"Roc~";547836;0;1544904647;"Koopa Armada";2
"Dr. Lemos";173825;0;"Joaoarara";982957;2;1544904663;"Koopa Armada";2
"Leso";209976;1;"IzZI127";932613;2;1544904904;"Koopa Armada";2
"Zord";172333;2;"Maycky";491163;1;1544904948;"Koopa Armada";2
"MiniGoku";944386;1;"Jab Air";172682;2;1544905226;"Koopa Armada";2
"BrianGun";945338;2;"Moonflair";982877;1;1544905419;"Koopa Armada";2
"RoD";172230;1;"Burtão";172170;2;1544905426;"Koopa Armada";2
"Fakinha";847974;0;"Floko";558693;2;1544905513;"Koopa Armada";2
"SKPeter";175453;2;"Drei";982890;0;1544905521;"Koopa Armada";2
"Maleson";964809;2;"Zord";172333;0;1544905542;"Koopa Armada";2
"Sabino";953008;2;"RitsuoFox";469732;0;1544905628;"Koopa Armada";2
"Roc~";547836;2;"BrianGun";945338;0;1544906336;"Koopa Armada";2
"Monad0";944232;0;"Abaca";780369;2;1544906448;"Koopa Armada";2
"RitsuoFox";469732;0;"Jab Air";172682;2;1544906449;"Koopa Armada";2
"SKPeter";175453;0;"Roboto";557806;2;1544906946;"Koopa Armada";2
"Elias";229014;2;"Burtão";172170;0;1544907322;"Koopa Armada";2
"Fakinha";847974;0;"Roboto";557806;2;1544907498;"Koopa Armada";2
"Abaca";780369;2;"Luma";792862;0;1544907676;"Koopa Armada";2
"Afro";37319;2;"IzZI127";932613;0;1544908275;"Koopa Armada";2
"Sonic Orochi";37820;0;"Abaca";780369;2;1544908532;"Koopa Armada";2
"Vyse";557753;0;"Afro";37319;2;1544908998;"Koopa Armada";2
"Elias";229014;0;"Roboto";557806;3;1544979289;"Koopa Armada";3
"Ultimate";795203;3;"BeBop";69497;0;1544979374;"Koopa Armada";3
"Abaca";780369;3;"Roc~";547836;0;1544979870;"Koopa Armada";3
"Sabino";953008;0;"Sosser";557695;3;1544980355;"Koopa Armada";3
"Afro";37319;3;"Jab Air";172682;2;1544981295;"Koopa Armada";3
"Floko";558693;0;"Sky";547786;3;1544981614;"Koopa Armada";3
"Sabino";953008;2;"Maleson";964809;3;1544981931;"Koopa Armada";3
"BeBop";69497;3;"Afro";37319;0;1544982332;"Koopa Armada";3
"Luffy";157946;3;"Cyber Twilight";172466;0;1544982676;"Koopa Armada";3
"Floko";558693;1;"Abaca";780369;3;1544983378;"Koopa Armada";3
"Sky";547786;3;"Ultimate";795203;0;1544983506;"Koopa Armada";3
"Luffy";157946;3;"Sosser";557695;0;1544984488;"Koopa Armada";3
"Cyber Twilight";172466;3;"Roboto";557806;2;1544984532;"Koopa Armada";3
"Maleson";964809;3;"Cyber Twilight";172466;0;1544985683;"Koopa Armada";3
"BeBop";69497;3;"Abaca";780369;2;1544985686;"Koopa Armada";3
"Sosser";557695;3;"BeBop";69497;2;1544987148;"Koopa Armada";3
"Luffy";157946;2;"Sky";547786;3;1544988798;"Koopa Armada";3
"Ultimate";795203;3;"Maleson";964809;1;1544990176;"Koopa Armada";3
"Sosser";557695;1;"Ultimate";795203;3;1544991752;"Koopa Armada";3
"Luffy";157946;3;"Ultimate";795203;0;1544994683;"Koopa Armada";3
"Sky";547786;3;"Luffy";157946;0;1544994708;"Koopa Armada";3
"Maleson";964809;2;"Monad0";1000040;0;1548517207;"Smash Season Fest: Smash Heat";2
"Elias";229014;0;"Haxwei";1033803;2;1548517251;"Smash Season Fest: Smash Heat";2
"Burtão";172170;2;"Bach";1027411;0;1548517265;"Smash Season Fest: Smash Heat";2
"Mimok";172124;2;"Sully";172359;0;1548517294;"Smash Season Fest: Smash Heat";2
"BeBop";69497;0;"Vyse";557753;2;1548517311;"Smash Season Fest: Smash Heat";2
"Ditro";1027502;1;"Bent";1007151;2;1548517332;"Smash Season Fest: Smash Heat";2
"Amortax";533731;2;"Fakinha";847974;0;1548517342;"Smash Season Fest: Smash Heat";2
"LUGIA";1006692;2;"Thurler";773916;0;1548517353;"Smash Season Fest: Smash Heat";2
"Rates";1079734;0;"Ihmo";1022354;2;1548517394;"Smash Season Fest: Smash Heat";2
"Afro";37319;2;"Ozzy";1039795;0;1548517402;"Smash Season Fest: Smash Heat";2
"Dcay";1027531;0;"Naty";1034571;2;1548517411;"Smash Season Fest: Smash Heat";2
"LeoDT";945519;0;"Arch";1025873;2;1548517429;"Smash Season Fest: Smash Heat";2
"Simic";1021298;0;"Sky";547786;2;1548517478;"Smash Season Fest: Smash Heat";2
"RevoS";172173;1;"Mimok";172124;2;1548519373;"Smash Season Fest: Smash Heat";2
"Dr. Lemos";173825;0;"Sky";547786;2;1548519602;"Smash Season Fest: Smash Heat";2
"Gim";143935;0;"LUGIA";1006692;2;1548519633;"Smash Season Fest: Smash Heat";2
"Roboto";557806;2;"Ihmo";1022354;0;1548519646;"Smash Season Fest: Smash Heat";2
"Prime";539117;2;"Naty";1034571;0;1548519656;"Smash Season Fest: Smash Heat";2
"Fexta!";1000041;0;"Haxwei";1033803;2;1548519677;"Smash Season Fest: Smash Heat";2
"FR7";211496;0;"Ace";1006693;2;1548519685;"Smash Season Fest: Smash Heat";2
"Ultimate";795203;2;"Amortax";533731;0;1548520205;"Smash Season Fest: Smash Heat";2
"RndNess";1017077;2;"Jao";1022393;1;1548520407;"Smash Season Fest: Smash Heat";2
"Luma";792862;0;"Vyse";557753;2;1548520646;"Smash Season Fest: Smash Heat";2
"HeadBenzi";173373;1;"Afro";37319;2;1548520668;"Smash Season Fest: Smash Heat";2
"Roc~";547836;2;"RndNess";1017077;0;1548521310;"Smash Season Fest: Smash Heat";2
"Sabino";953008;2;"Ace";1006693;0;1548521554;"Smash Season Fest: Smash Heat";2
"Flamon";172363;1;"Arch";1025873;2;1548521573;"Smash Season Fest: Smash Heat";2
"Minus";1027475;1;"Maleson";964809;2;1548521774;"Smash Season Fest: Smash Heat";2
"Joaoarara";909133;2;"RoD";172230;0;1548522291;"Smash Season Fest: Smash Heat";2
"Pete";543371;0;"Burtão";172170;2;1548523034;"Smash Season Fest: Smash Heat";2
"S/Chance";949228;1;"Bent";1007151;2;1548523125;"Smash Season Fest: Smash Heat";2
"Ace";1006693;2;"Sully";172359;0;1548523167;"Smash Season Fest: Smash Heat";2
"Fexta!";1000041;2;"Simic";1021298;0;1548523213;"Smash Season Fest: Smash Heat";2
"RndNess";1017077;1;"BeBop";69497;2;1548523238;"Smash Season Fest: Smash Heat";2
"Naty";1034571;0;"Fakinha";847974;2;1548523395;"Smash Season Fest: Smash Heat";2
"HeadBenzi";173373;2;"Thurler";773916;0;1548523433;"Smash Season Fest: Smash Heat";2
"Ihmo";1022354;2;"Monad0";1000040;0;1548523993;"Smash Season Fest: Smash Heat";2
"Dr. Lemos";173825;1;"Elias";229014;2;1548524199;"Smash Season Fest: Smash Heat";2
"Minus";1027475;2;"Rates";1079734;0;1548524319;"Smash Season Fest: Smash Heat";2
"S/Chance";949228;2;"LeoDT";945519;0;1548524651;"Smash Season Fest: Smash Heat";2
"Gim";143935;2;"Ozzy";1039795;1;1548524749;"Smash Season Fest: Smash Heat";2
"RevoS";172173;2;"FR7";211496;0;1548525484;"Smash Season Fest: Smash Heat";2
"Roboto";557806;0;"Afro";37319;2;1548525513;"Smash Season Fest: Smash Heat";2
"Luma";792862;0;"Jao";1022393;2;1548525560;"Smash Season Fest: Smash Heat";2
"RoD";172230;2;"Bach";1027411;0;1548525678;"Smash Season Fest: Smash Heat";2
"Prime";539117;2;"Arch";1025873;1;1548526359;"Smash Season Fest: Smash Heat";2
"Roc~";547836;2;"Burtão";172170;1;1548529443;"Smash Season Fest: Smash Heat";2
"Sabino";953008;2;"Haxwei";1033803;1;1548529463;"Smash Season Fest: Smash Heat";2
"RevoS";172173;2;"Elias";229014;0;1548529541;"Smash Season Fest: Smash Heat";2
"Roboto";557806;2;"RevoS";172173;0;1548529556;"Smash Season Fest: Smash Heat";2
"Jao";1022393;2;"RoD";172230;0;1548529637;"Smash Season Fest: Smash Heat";2
"Amortax";533731;2;"S/Chance";949228;1;1548529654;"Smash Season Fest: Smash Heat";2
"Burtão";172170;0;"Amortax";533731;2;1548529678;"Smash Season Fest: Smash Heat";2
"Minus";1027475;2;"Gim";143935;1;1548529703;"Smash Season Fest: Smash Heat";2
"HeadBenzi";173373;2;"Ihmo";1022354;0;1548529712;"Smash Season Fest: Smash Heat";2
"Flamon";172363;0;"Fakinha";847974;2;1548529720;"Smash Season Fest: Smash Heat";2
"Pete";543371;0;"BeBop";69497;2;1548529726;"Smash Season Fest: Smash Heat";2
"Fexta!";1000041;2;"Ace";1006693;1;1548529734;"Smash Season Fest: Smash Heat";2
"Arch";1025873;2;"Jao";1022393;1;1548529753;"Smash Season Fest: Smash Heat";2
"Bent";1007151;1;"Ultimate";795203;2;1548529937;"Smash Season Fest: Smash Heat";2
"Sky";547786;2;"Mimok";172124;0;1548531156;"Smash Season Fest: Smash Heat";2
"Afro";37319;2;"Prime";539117;0;1548531633;"Smash Season Fest: Smash Heat";2
"LUGIA";1006692;2;"Maleson";964809;0;1548532401;"Smash Season Fest: Smash Heat";2
"Ultimate";795203;2;"LUGIA";1006692;1;1548532529;"Smash Season Fest: Smash Heat";2
"Arch";1025873;0;"Roboto";557806;2;1548532696;"Smash Season Fest: Smash Heat";2
"Haxwei";1033803;2;"Minus";1027475;1;1548532719;"Smash Season Fest: Smash Heat";2
"Haxwei";1033803;2;"Amortax";533731;0;1548532731;"Smash Season Fest: Smash Heat";2
"Mimok";172124;2;"HeadBenzi";173373;0;1548532754;"Smash Season Fest: Smash Heat";2
"Bent";1007151;2;"BeBop";69497;0;1548532766;"Smash Season Fest: Smash Heat";2
"Maleson";964809;2;"Fexta!";1000041;0;1548532778;"Smash Season Fest: Smash Heat";2
"Joaoarara";909133;2;"Vyse";557753;0;1548532803;"Smash Season Fest: Smash Heat";2
"Vyse";557753;2;"Fakinha";847974;1;1548532840;"Smash Season Fest: Smash Heat";2
"Vyse";557753;0;"Mimok";172124;2;1548532912;"Smash Season Fest: Smash Heat";2
"Sky";547786;2;"Joaoarara";909133;0;1548534183;"Smash Season Fest: Smash Heat";2
"Roc~";547836;2;"Sabino";953008;1;1548534229;"Smash Season Fest: Smash Heat";2
"Maleson";964809;0;"Bent";1007151;2;1548534345;"Smash Season Fest: Smash Heat";2
"Prime";539117;2;"Bent";1007151;0;1548534359;"Smash Season Fest: Smash Heat";2
"LUGIA";1006692;1;"Roboto";557806;2;1548536006;"Smash Season Fest: Smash Heat";2
"Joaoarara";909133;2;"Haxwei";1033803;1;1548536022;"Smash Season Fest: Smash Heat";2
"Sabino";953008;2;"Mimok";172124;1;1548536037;"Smash Season Fest: Smash Heat";2
"Sky";547786;3;"Ultimate";795203;1;1548541722;"Smash Season Fest: Smash Heat";3
"Afro";37319;2;"Roc~";547836;3;1548541734;"Smash Season Fest: Smash Heat";3
"Sky";547786;3;"Roc~";547836;0;1548541749;"Smash Season Fest: Smash Heat";3
"Prime";539117;0;"Sabino";953008;3;1548544005;"Smash Season Fest: Smash Heat";3
"Joaoarara";909133;0;"Roboto";557806;3;1548544073;"Smash Season Fest: Smash Heat";3
"Sabino";953008;0;"Roboto";557806;3;1548599972;"Smash Season Fest: Smash Heat";3
"Roc~";547836;1;"Roboto";557806;3;1548599993;"Smash Season Fest: Smash Heat";3
"Sky";547786;3;"Roboto";557806;1;1548600012;"Smash Season Fest: Smash Heat";3
"HeadBenzi";173373;2;"Arch";1079028;0;1550936686;"Smash Heat 2";2
"Afro";37319;0;"LeoDT";945519;2;1550936756;"Smash Heat 2";2
"RevoS";172173;2;"LUGIA";999237;0;1550936935;"Smash Heat 2";2
"Roboto";557806;2;"Bent";1007151;0;1550937044;"Smash Heat 2";2
"Ultimate";795203;2;"Simic";1021298;1;1550937320;"Smash Heat 2";2
"BeBop";69497;2;"Gim";143935;0;1550937727;"Smash Heat 2";2
"Dr. Lemos";173825;2;"Oliveira";1078885;0;1550938046;"Smash Heat 2";2
"Mimok";172124;2;"Ace";1078883;1;1550938106;"Smash Heat 2";2
"RoD";172230;1;"Ozzy";563793;2;1550938235;"Smash Heat 2";2
"Roc~";547836;2;"Sully";172359;0;1550938578;"Smash Heat 2";2
"Sabino";953008;2;"Burtão";172170;0;1550939067;"Smash Heat 2";2
"ChaosPrime";621638;1;"Pete";543371;2;1550939187;"Smash Heat 2";2
"Amortax";533731;2;"Alonso";126587;0;1550939257;"Smash Heat 2";2
"Maleson";964809;2;"Lance";1072191;0;1550939653;"Smash Heat 2";2
"Ihmo";1071731;2;"JoJo Rama";173414;0;1550939805;"Smash Heat 2";2
"Fexta!";1000041;0;"Rates";521456;2;1550939829;"Smash Heat 2";2
"Afro";37319;1;"LUGIA";999237;2;1550940318;"Smash Heat 2";2
"Roboto";557806;2;"HeadBenzi";173373;0;1550940363;"Smash Heat 2";2
"Bent";1007151;2;"Arch";1079028;0;1550940504;"Smash Heat 2";2
"Simic";1021298;0;"Alonso";126587;2;1550940629;"Smash Heat 2";2
"Sully";172359;0;"Oliveira";1078885;2;1550941317;"Smash Heat 2";2
"LeoDT";945519;1;"RevoS";172173;2;1550941414;"Smash Heat 2";2
"Lance";1072191;1;"Ace";1078883;2;1550941441;"Smash Heat 2";2
"Gim";143935;2;"Fexta!";1000041;1;1550941799;"Smash Heat 2";2
"Ultimate";795203;0;"Amortax";533731;2;1550942211;"Smash Heat 2";2
"Pete";543371;0;"Ozzy";563793;2;1550942391;"Smash Heat 2";2
"ChaosPrime";621638;2;"RoD";172230;1;1550942411;"Smash Heat 2";2
"Burtão";172170;2;"JoJo Rama";173414;0;1550942489;"Smash Heat 2";2
"HeadBenzi";173373;2;"Ace";1078883;0;1550943344;"Smash Heat 2";2
"Maleson";964809;0;"Mimok";172124;2;1550943496;"Smash Heat 2";2
"BeBop";69497;2;"Rates";521456;0;1550943591;"Smash Heat 2";2
"Roc~";547836;1;"Dr. Lemos";173825;2;1550943641;"Smash Heat 2";2
"Sabino";953008;2;"Ihmo";1071731;0;1550943856;"Smash Heat 2";2
"Pete";543371;0;"Alonso";126587;2;1550944163;"Smash Heat 2";2
"Rates";521456;0;"Oliveira";1078885;2;1550944220;"Smash Heat 2";2
"Ihmo";1071731;0;"LUGIA";999237;2;1550944395;"Smash Heat 2";2
"Roboto";557806;0;"RevoS";172173;2;1550944623;"Smash Heat 2";2
"Roc~";547836;2;"Gim";143935;0;1550944761;"Smash Heat 2";2
"Ultimate";795203;2;"ChaosPrime";621638;0;1550944963;"Smash Heat 2";2
"Maleson";964809;0;"Bent";1007151;2;1550945329;"Smash Heat 2";2
"Amortax";533731;0;"BeBop";69497;2;1550945439;"Smash Heat 2";2
"LeoDT";945519;2;"Burtão";172170;0;1550945493;"Smash Heat 2";2
"Oliveira";1078885;1;"Ultimate";795203;2;1550945889;"Smash Heat 2";2
"Dr. Lemos";173825;2;"Ozzy";563793;0;1550946227;"Smash Heat 2";2
"Alonso";126587;0;"Roc~";547836;2;1550946310;"Smash Heat 2";2
"Bent";1007151;2;"LUGIA";999237;1;1550946649;"Smash Heat 2";2
"LeoDT";945519;2;"HeadBenzi";173373;0;1550946678;"Smash Heat 2";2
"Sabino";953008;2;"Mimok";172124;0;1550947278;"Smash Heat 2";2
"Roboto";557806;2;"Roc~";547836;1;1550947403;"Smash Heat 2";2
"Ozzy";563793;0;"LeoDT";945519;2;1550947452;"Smash Heat 2";2
"Amortax";533731;0;"Bent";1007151;2;1550947634;"Smash Heat 2";2
"Mimok";172124;2;"Ultimate";795203;1;1550948195;"Smash Heat 2";2
"Bent";1007151;0;"Roboto";557806;3;1550949263;"Smash Heat 2";3
"Dr. Lemos";173825;1;"Sabino";953008;3;1550949751;"Smash Heat 2";3
"RevoS";172173;3;"BeBop";69497;0;1550950769;"Smash Heat 2";3
"Mimok";172124;3;"LeoDT";945519;1;1550950838;"Smash Heat 2";3
"RevoS";172173;3;"Sabino";953008;0;1550951774;"Smash Heat 2";3
"Dr. Lemos";173825;0;"Roboto";557806;3;1550952115;"Smash Heat 2";3
"BeBop";69497;3;"Mimok";172124;0;1550952783;"Smash Heat 2";3
"Roboto";557806;3;"BeBop";69497;1;1550954027;"Smash Heat 2";3
"Sabino";953008;1;"Roboto";557806;3;1550955182;"Smash Heat 2";3
"RevoS";172173;3;"Roboto";557806;0;1550956115;"Smash Heat 2";3
"Ozzy";563793;2;"Sandman";1082894;0;1552833095;"Smash N' Magic";2
"RoD";172230;0;"Unexpected";1089395;2;1552833195;"Smash N' Magic";2
"Drutar";512478;0;"Oliveira";1078885;2;1552833228;"Smash N' Magic";2
"Ryvius";1118463;0;"RndNess";1017077;2;1552833277;"Smash N' Magic";2
"MICK";981066;0;"LeoDT";945519;2;1552833298;"Smash N' Magic";2
"FR7";211496;1;"DJ";1118420;2;1552833556;"Smash N' Magic";2
"ChaosPrime";621638;2;"Arch";1099206;0;1552834222;"Smash N' Magic";2
"Gim";143935;2;"FritzThe2";1118462;0;1552834285;"Smash N' Magic";2
"Floko";558693;2;"Alonso";126587;0;1552834302;"Smash N' Magic";2
"Maleson";964809;2;"Considera";792807;0;1552834316;"Smash N' Magic";2
"Polon";1088153;2;"ippo";1118464;0;1552834331;"Smash N' Magic";2
"LUGIA";999237;2;"Kira";1120138;0;1552834697;"Smash N' Magic";2
"Pete";543371;1;"Raphael Vieitas";1107150;2;1552835008;"Smash N' Magic";2
"Simic";1021298;2;"FyFox";1071532;0;1552835144;"Smash N' Magic";2
"Owlogy";949477;0;"Inu";1095897;2;1552835155;"Smash N' Magic";2
"Ramon";1120137;0;"Haxwei";1033803;2;1552835357;"Smash N' Magic";2
"Vlory";1120139;1;"Snek";514381;2;1552835437;"Smash N' Magic";2
"S/Chance";1035192;2;"IzZI127";932613;0;1552835636;"Smash N' Magic";2
"Sky";547786;2;"Unexpected";1089395;0;1552836079;"Smash N' Magic";2
"Luffy";157946;2;"DJ";1118420;0;1552836092;"Smash N' Magic";2
"JoJo Rama";173414;0;"Dottori";1072342;2;1552836176;"Smash N' Magic";2
"Magician";1117652;0;"Ace";999215;2;1552836220;"Smash N' Magic";2
"Bach";1095786;1;"Ihmo";1071731;2;1552836262;"Smash N' Magic";2
"Decnop";1118043;0;"Naty";1092900;2;1552836313;"Smash N' Magic";2
"Bbrazils";1088168;1;"Vallcrist";1102056;2;1552836382;"Smash N' Magic";2
"Joaoarara";909133;0;"Oliveira";1078885;2;1552836416;"Smash N' Magic";2
"S/Chance";1035192;0;"Haxwei";1033803;2;1552836874;"Smash N' Magic";2
"Afro";37319;2;"ChaosPrime";621638;0;1552836923;"Smash N' Magic";2
"Magician";1117652;0;"Ryvius";1118463;2;1552836966;"Smash N' Magic";2
"JoJo Rama";173414;0;"Kira";1120138;2;1552836981;"Smash N' Magic";2
"Floko";558693;2;"Gim";143935;0;1552837162;"Smash N' Magic";2
"RevoS";172173;2;"Maleson";964809;0;1552837267;"Smash N' Magic";2
"IzZI127";932613;0;"Ramon";1120137;2;1552837328;"Smash N' Magic";2
"Snek";514381;0;"Simic";1021298;2;1552837467;"Smash N' Magic";2
"Naty";1092900;0;"Ozzy";563793;2;1552837544;"Smash N' Magic";2
"Ace";999215;2;"RndNess";1017077;0;1552837693;"Smash N' Magic";2
"Ultimate";795203;2;"Inu";1095897;0;1552837764;"Smash N' Magic";2
"Roboto";557806;2;"Vallcrist";1102056;0;1552837906;"Smash N' Magic";2
"Raphael Vieitas";1107150;0;"Ihmo";1071731;2;1552838090;"Smash N' Magic";2
"Dottori";1072342;0;"LUGIA";999237;2;1552838143;"Smash N' Magic";2
"BeBop";69497;2;"Polon";1088153;0;1552838175;"Smash N' Magic";2
"ChaosPrime";621638;2;"Ryvius";1118463;0;1552838353;"Smash N' Magic";2
"Cyber Twilight";172466;2;"LeoDT";945519;0;1552838721;"Smash N' Magic";2
"Decnop";1118043;1;"Sandman";1082894;2;1552839282;"Smash N' Magic";2
"Vlory";1120139;0;"FyFox";1071532;2;1552841451;"Smash N' Magic";2
"Joaoarara";909133;2;"RoD";172230;0;1552841706;"Smash N' Magic";2
"LeoDT";945519;2;"Sandman";1082894;0;1552841944;"Smash N' Magic";2
"Alonso";126587;2;"FritzThe2";1118462;0;1552842043;"Smash N' Magic";2
"Naty";1092900;2;"MICK";981066;0;1552842172;"Smash N' Magic";2
"Pete";543371;1;"Bach";1095786;2;1552842410;"Smash N' Magic";2
"Sky";547786;2;"Ozzy";563793;0;1552842745;"Smash N' Magic";2
"Gim";143935;2;"ippo";1118464;0;1552842834;"Smash N' Magic";2
"Raphael Vieitas";1107150;0;"Considera";792807;2;1552842904;"Smash N' Magic";2
"Inu";1095897;0;"Ramon";1120137;2;1552843153;"Smash N' Magic";2
"Snek";514381;1;"Bbrazils";1088168;2;1552843272;"Smash N' Magic";2
"Polon";1088153;2;"Alonso";126587;0;1552843373;"Smash N' Magic";2
"S/Chance";1035192;2;"Owlogy";949477;0;1552843455;"Smash N' Magic";2
"Maleson";964809;2;"Bach";1095786;0;1552843583;"Smash N' Magic";2
"Unexpected";1089395;0;"Drutar";512478;2;1552843790;"Smash N' Magic";2
"Vallcrist";1102056;1;"FyFox";1071532;2;1552843856;"Smash N' Magic";2
"Dottori";1072342;0;"FR7";211496;2;1552844265;"Smash N' Magic";2
"DJ";1118420;2;"Kira";1120138;0;1552844347;"Smash N' Magic";2
"Joaoarara";909133;1;"LeoDT";945519;2;1552844365;"Smash N' Magic";2
"Naty";1092900;0;"Drutar";512478;2;1552844434;"Smash N' Magic";2
"RndNess";1017077;1;"Arch";1099206;2;1552844593;"Smash N' Magic";2
"Cyber Twilight";172466;2;"Oliveira";1078885;0;1552844668;"Smash N' Magic";2
"Afro";37319;0;"LUGIA";999237;2;1552845088;"Smash N' Magic";2
"Luffy";157946;2;"Ace";999215;0;1552845136;"Smash N' Magic";2
"FR7";211496;1;"ChaosPrime";621638;2;1552845359;"Smash N' Magic";2
"Ozzy";563793;2;"LeoDT";945519;0;1552845549;"Smash N' Magic";2
"RevoS";172173;1;"Floko";558693;2;1552845749;"Smash N' Magic";2
"BeBop";69497;1;"Ihmo";1071731;2;1552845874;"Smash N' Magic";2
"Gim";143935;0;"Maleson";964809;2;1552846018;"Smash N' Magic";2
"Arch";1099206;1;"DJ";1118420;2;1552846128;"Smash N' Magic";2
"Roboto";557806;2;"Haxwei";1033803;0;1552846419;"Smash N' Magic";2
"Ultimate";795203;2;"Simic";1021298;0;1552846483;"Smash N' Magic";2
"Considera";792807;1;"Polon";1088153;2;1552846508;"Smash N' Magic";2
"Afro";37319;0;"DJ";1118420;2;1552846753;"Smash N' Magic";2
"S/Chance";1035192;2;"FyFox";1071532;0;1552847159;"Smash N' Magic";2
"Bbrazils";1088168;1;"Ramon";1120137;2;1552847173;"Smash N' Magic";2
"Ace";999215;1;"ChaosPrime";621638;2;1552847397;"Smash N' Magic";2
"RevoS";172173;2;"Polon";1088153;0;1552847504;"Smash N' Magic";2
"BeBop";69497;1;"Maleson";964809;2;1552847520;"Smash N' Magic";2
"Simic";1021298;0;"S/Chance";1035192;2;1552847894;"Smash N' Magic";2
"Oliveira";1078885;2;"Drutar";512478;0;1552847925;"Smash N' Magic";2
"Haxwei";1033803;2;"Ramon";1120137;1;1552848324;"Smash N' Magic";2
"S/Chance";1035192;2;"Ozzy";563793;0;1552851192;"Smash N' Magic";2
"Maleson";964809;0;"ChaosPrime";621638;2;1552851353;"Smash N' Magic";2
"DJ";1118420;0;"RevoS";172173;2;1552851365;"Smash N' Magic";2
"Oliveira";1078885;2;"Haxwei";1033803;1;1552851943;"Smash N' Magic";2
"Sky";547786;2;"Cyber Twilight";172466;1;1552852102;"Smash N' Magic";2
"Floko";558693;2;"Ihmo";1071731;0;1552852251;"Smash N' Magic";2
"Roboto";557806;1;"Ultimate";795203;2;1552852606;"Smash N' Magic";2
"Cyber Twilight";172466;2;"ChaosPrime";621638;0;1552852995;"Smash N' Magic";2
"Luffy";157946;2;"LUGIA";999237;1;1552853193;"Smash N' Magic";2
"Roboto";557806;0;"RevoS";172173;2;1552853358;"Smash N' Magic";2
"Ihmo";1071731;1;"Oliveira";1078885;2;1552853455;"Smash N' Magic";2
"LUGIA";999237;2;"S/Chance";1035192;0;1552853900;"Smash N' Magic";2
"Luffy";157946;3;"Floko";558693;1;1552854676;"Smash N' Magic";3
"Sky";547786;3;"Ultimate";795203;1;1552854777;"Smash N' Magic";3
"Oliveira";1078885;0;"LUGIA";999237;3;1552855172;"Smash N' Magic";3
"RevoS";172173;3;"Cyber Twilight";172466;0;1552855451;"Smash N' Magic";3
"Ultimate";795203;2;"LUGIA";999237;3;1552856806;"Smash N' Magic";3
"Floko";558693;0;"RevoS";172173;3;1552856960;"Smash N' Magic";3
"Sky";547786;3;"Luffy";157946;2;1552858247;"Smash N' Magic";3
"LUGIA";999237;2;"RevoS";172173;3;1552858697;"Smash N' Magic";3
"Luffy";157946;2;"RevoS";172173;3;1552860706;"Smash N' Magic";3
"Sky";547786;3;"RevoS";172173;0;1552862516;"Smash N' Magic";3
"Firinplinplin";1227712;2;"FR7";211496;0;1558276839;"Smash N' Magic - 2nd Edition";2
"Guizo";971399;2;"Lily";1063128;0;1558277520;"Smash N' Magic - 2nd Edition";2
"Anal_utz";1235716;0;"Simic";1021298;2;1558277593;"Smash N' Magic - 2nd Edition";2
"Owlogy";949477;0;"JBB";1227619;2;1558277764;"Smash N' Magic - 2nd Edition";2
"Pova";1222119;0;"FyFox";1071532;2;1558277970;"Smash N' Magic - 2nd Edition";2
"Golfinho";557978;0;"Maleson";964809;2;1558278145;"Smash N' Magic - 2nd Edition";2
"Bbrazils";1088168;1;"Conker";1235762;2;1558278362;"Smash N' Magic - 2nd Edition";2
"Saiduke";1227027;2;"Caveira";1207976;0;1558278694;"Smash N' Magic - 2nd Edition";2
"MICK";981066;0;"Wright";1229228;2;1558278851;"Smash N' Magic - 2nd Edition";2
"Luckstorm";1227007;0;"Haxwei";1033803;2;1558278912;"Smash N' Magic - 2nd Edition";2
"Oops";1198757;2;"Bach";1095786;0;1558279081;"Smash N' Magic - 2nd Edition";2
"Gim";143935;2;"Ozzy";563793;0;1558279469;"Smash N' Magic - 2nd Edition";2
"Maycky";491163;2;"Ace";999215;1;1558279670;"Smash N' Magic - 2nd Edition";2
"Naty";1092900;0;"Chino";1198340;2;1558279736;"Smash N' Magic - 2nd Edition";2
"S/Chance";1035192;2;"Alonso";126587;0;1558279885;"Smash N' Magic - 2nd Edition";2
"Sully";172359;0;"GUCCI";1196897;2;1558280179;"Smash N' Magic - 2nd Edition";2
"ChaosPrime";621638;1;"mysterE";1076369;2;1558280190;"Smash N' Magic - 2nd Edition";2
"Luffy";157946;2;"Morkez";1227006;0;1558280452;"Smash N' Magic - 2nd Edition";2
"Sky";547786;2;"Firinplinplin";1227712;0;1558280601;"Smash N' Magic - 2nd Edition";2
"RevoS";172173;2;"Guizo";971399;0;1558280624;"Smash N' Magic - 2nd Edition";2
"Polon";1137666;0;"Haxwei";1033803;2;1558280760;"Smash N' Magic - 2nd Edition";2
"Maleson";964809;2;"Saiduke";1227027;0;1558280962;"Smash N' Magic - 2nd Edition";2
"Roboto";557806;2;"Conker";1235762;0;1558280994;"Smash N' Magic - 2nd Edition";2
"Simic";1021298;2;"Gim";143935;0;1558281130;"Smash N' Magic - 2nd Edition";2
"Ultimate";795203;2;"Maycky";491163;0;1558281413;"Smash N' Magic - 2nd Edition";2
"Floko";558693;2;"Wright";1229228;0;1558281728;"Smash N' Magic - 2nd Edition";2
"BeBop";69497;2;"FyFox";1071532;0;1558281837;"Smash N' Magic - 2nd Edition";2
"Elias";229014;2;"JBB";1227619;1;1558281912;"Smash N' Magic - 2nd Edition";2
"Djudjo";1091476;2;"S/Chance";1035192;0;1558282059;"Smash N' Magic - 2nd Edition";2
"Mimok";172124;1;"mysterE";1076369;2;1558282127;"Smash N' Magic - 2nd Edition";2
"Afro";37319;1;"Chino";1198340;2;1558282780;"Smash N' Magic - 2nd Edition";2
"João Lagoas";1197345;2;"GUCCI";1196897;0;1558282946;"Smash N' Magic - 2nd Edition";2
"Joaoarara";909133;2;"Oops";1198757;0;1558282959;"Smash N' Magic - 2nd Edition";2
"Oops";1198757;2;"Raphael Vieitas";1107150;0;1558286499;"Smash N' Magic - 2nd Edition";2
"S/Chance";1035192;2;"Bbrazils";1088168;0;1558286556;"Smash N' Magic - 2nd Edition";2
"Polon";1137666;0;"Ace";999215;2;1558286566;"Smash N' Magic - 2nd Edition";2
"GUCCI";1196897;2;"Lily";1063128;0;1558286784;"Smash N' Magic - 2nd Edition";2
"Afro";37319;2;"FR7";211496;0;1558286854;"Smash N' Magic - 2nd Edition";2
"Gim";143935;2;"Pova";1222119;0;1558286890;"Smash N' Magic - 2nd Edition";2
"Wright";1229228;2;"Owlogy";949477;0;1558287134;"Smash N' Magic - 2nd Edition";2
"Maycky";491163;0;"Luckstorm";1227007;2;1558287155;"Smash N' Magic - 2nd Edition";2
"Golfinho";557978;2;"Caveira";1207976;0;1558287230;"Smash N' Magic - 2nd Edition";2
"Firinplinplin";1227712;0;"Naty";1092900;2;1558287851;"Smash N' Magic - 2nd Edition";2
"Conker";1235762;0;"Alonso";126587;2;1558287949;"Smash N' Magic - 2nd Edition";2
"Saiduke";1227027;1;"ChaosPrime";621638;2;1558287977;"Smash N' Magic - 2nd Edition";2
"Anal_utz";1235716;0;"Ozzy";563793;2;1558288167;"Smash N' Magic - 2nd Edition";2
"Guizo";971399;0;"Sully";172359;2;1558288734;"Smash N' Magic - 2nd Edition";2
"Morkez";1227006;2;"Bach";1095786;0;1558288841;"Smash N' Magic - 2nd Edition";2
"Mimok";172124;1;"Golfinho";557978;2;1558288973;"Smash N' Magic - 2nd Edition";2
"JBB";1227619;2;"MICK";981066;0;1558288996;"Smash N' Magic - 2nd Edition";2
"S/Chance";1035192;2;"Luckstorm";1227007;1;1558289172;"Smash N' Magic - 2nd Edition";2
"FyFox";1071532;0;"Ozzy";563793;2;1558289631;"Smash N' Magic - 2nd Edition";2
"Ace";999215;2;"Alonso";126587;0;1558289718;"Smash N' Magic - 2nd Edition";2
"JBB";1227619;2;"Morkez";1227006;1;1558289838;"Smash N' Magic - 2nd Edition";2
"Oops";1198757;1;"Wright";1229228;2;1558289849;"Smash N' Magic - 2nd Edition";2
"Sky";547786;2;"Simic";1021298;0;1558290080;"Smash N' Magic - 2nd Edition";2
"BeBop";69497;0;"Chino";1198340;2;1558290430;"Smash N' Magic - 2nd Edition";2
"RevoS";172173;2;"Maleson";964809;0;1558290479;"Smash N' Magic - 2nd Edition";2
"Floko";558693;2;"Joaoarara";909133;0;1558290733;"Smash N' Magic - 2nd Edition";2
"Luffy";157946;2;"Elias";229014;0;1558290844;"Smash N' Magic - 2nd Edition";2
"mysterE";1076369;1;"João Lagoas";1197345;2;1558291041;"Smash N' Magic - 2nd Edition";2
"Ultimate";795203;2;"Djudjo";1091476;0;1558291258;"Smash N' Magic - 2nd Edition";2
"Elias";229014;2;"Wright";1229228;0;1558291584;"Smash N' Magic - 2nd Edition";2
"Roboto";557806;2;"Haxwei";1033803;1;1558291623;"Smash N' Magic - 2nd Edition";2
"GUCCI";1196897;0;"Golfinho";557978;2;1558291657;"Smash N' Magic - 2nd Edition";2
"Gim";143935;1;"Naty";1092900;2;1558292179;"Smash N' Magic - 2nd Edition";2
"Afro";37319;2;"Ozzy";563793;0;1558292384;"Smash N' Magic - 2nd Edition";2
"ChaosPrime";621638;2;"Sully";172359;0;1558292531;"Smash N' Magic - 2nd Edition";2
"Haxwei";1033803;0;"S/Chance";1035192;2;1558292752;"Smash N' Magic - 2nd Edition";2
"Joaoarara";909133;0;"JBB";1227619;2;1558292877;"Smash N' Magic - 2nd Edition";2
"Djudjo";1091476;2;"Ace";999215;1;1558293129;"Smash N' Magic - 2nd Edition";2
"Simic";1021298;1;"Afro";37319;2;1558293505;"Smash N' Magic - 2nd Edition";2
"mysterE";1076369;0;"ChaosPrime";621638;2;1558293590;"Smash N' Magic - 2nd Edition";2
"BeBop";69497;2;"Naty";1092900;0;1558293717;"Smash N' Magic - 2nd Edition";2
"Maleson";964809;1;"Golfinho";557978;2;1558293767;"Smash N' Magic - 2nd Edition";2
"Roboto";557806;0;"Ultimate";795203;2;1558294746;"Smash N' Magic - 2nd Edition";2
"BeBop";69497;0;"S/Chance";1035192;2;1558294811;"Smash N' Magic - 2nd Edition";2
"Djudjo";1091476;2;"Afro";37319;1;1558295165;"Smash N' Magic - 2nd Edition";2
"JBB";1227619;0;"Golfinho";557978;2;1558295226;"Smash N' Magic - 2nd Edition";2
"ChaosPrime";621638;2;"Elias";229014;1;1558295577;"Smash N' Magic - 2nd Edition";2
"Sky";547786;2;"Chino";1198340;0;1558295797;"Smash N' Magic - 2nd Edition";2
"RevoS";172173;2;"João Lagoas";1197345;0;1558295920;"Smash N' Magic - 2nd Edition";2
"Roboto";557806;2;"ChaosPrime";621638;0;1558296201;"Smash N' Magic - 2nd Edition";2
"Chino";1198340;2;"Golfinho";557978;0;1558296472;"Smash N' Magic - 2nd Edition";2
"João Lagoas";1197345;2;"Djudjo";1091476;0;1558297060;"Smash N' Magic - 2nd Edition";2
"Sky";547786;2;"Ultimate";795203;3;1558297837;"Smash N' Magic - 2nd Edition";3
"RevoS";172173;0;"Luffy";157946;3;1558298253;"Smash N' Magic - 2nd Edition";3
"Ultimate";795203;0;"Luffy";157946;3;1558299086;"Smash N' Magic - 2nd Edition";3
"S/Chance";1035192;2;"João Lagoas";1197345;3;1558299160;"Smash N' Magic - 2nd Edition";3
"Roboto";557806;3;"Chino";1198340;0;1558299250;"Smash N' Magic - 2nd Edition";3
"Sky";547786;3;"João Lagoas";1197345;1;1558300226;"Smash N' Magic - 2nd Edition";3
"RevoS";172173;3;"Roboto";557806;1;1558300579;"Smash N' Magic - 2nd Edition";3
"Sky";547786;0;"RevoS";172173;3;1558301470;"Smash N' Magic - 2nd Edition";3
"Ultimate";795203;2;"RevoS";172173;3;1558302908;"Smash N' Magic - 2nd Edition";3
"Luffy";157946;3;"RevoS";172173;0;1558303801;"Smash N' Magic - 2nd Edition";3
"Elias";229014;2;"HeadBenzi";173373;0;1558802667;"Smash Season Fest: Falling Leaves";2
"Luckstorm";1227007;0;"Elias";229014;2;1558803781;"Smash Season Fest: Falling Leaves";2
"Haxwei";1033803;2;"Sully";172359;0;1558803934;"Smash Season Fest: Falling Leaves";2
"Maleson";964809;2;"Rates";521456;1;1558804085;"Smash Season Fest: Falling Leaves";2
"BeBop";69497;2;"HeadBenzi";173373;0;1558804836;"Smash Season Fest: Falling Leaves";2
"Flamon";172363;0;"FR7";211496;2;1558804994;"Smash Season Fest: Falling Leaves";2
"LUGIA";999237;2;"Morkez";1227006;1;1558805458;"Smash Season Fest: Falling Leaves";2
"Alonso";126587;1;"Ace";57154;2;1558805490;"Smash Season Fest: Falling Leaves";2
"RoD";172230;0;"Arch";1099206;2;1558805931;"Smash Season Fest: Falling Leaves";2
"Prime";539117;2;"MICK";981066;0;1558805965;"Smash Season Fest: Falling Leaves";2
"Ultimate";795203;2;"Ozzy";563793;0;1558806278;"Smash Season Fest: Falling Leaves";2
"Roboto";557806;2;"Ihmo";1071731;1;1558806534;"Smash Season Fest: Falling Leaves";2
"Luffy";157946;2;"Bach";1095786;0;1558806789;"Smash Season Fest: Falling Leaves";2
"Morkez";1227006;0;"MICK";981066;2;1558806948;"Smash Season Fest: Falling Leaves";2
"Sabino";953008;2;"Muju";1226604;1;1558807391;"Smash Season Fest: Falling Leaves";2
"Amortax";533731;2;"DSK";700399;0;1558807688;"Smash Season Fest: Falling Leaves";2
"LUGIA";999237;2;"Prime";539117;0;1558807734;"Smash Season Fest: Falling Leaves";2
"RevoS";172173;2;"Naval";1099321;1;1558807937;"Smash Season Fest: Falling Leaves";2
"Luffy";157946;2;"Haxwei";1033803;0;1558808156;"Smash Season Fest: Falling Leaves";2
"Bach";1095786;0;"Sully";172359;2;1558808627;"Smash Season Fest: Falling Leaves";2
"DSK";700399;1;"Rates";521456;2;1558808976;"Smash Season Fest: Falling Leaves";2
"RoD";172230;1;"MICK";981066;2;1558809266;"Smash Season Fest: Falling Leaves";2
"Amortax";533731;2;"Maleson";964809;1;1558809362;"Smash Season Fest: Falling Leaves";2
"Prime";539117;0;"Roboto";557806;2;1558809471;"Smash Season Fest: Falling Leaves";2
"Luckstorm";1227007;0;"Naval";1099321;2;1558809881;"Smash Season Fest: Falling Leaves";2
"Maleson";964809;2;"Sully";172359;0;1558810265;"Smash Season Fest: Falling Leaves";2
"Haxwei";1033803;2;"Rates";521456;0;1558810284;"Smash Season Fest: Falling Leaves";2
"RevoS";172173;2;"S/Chance";1035192;1;1558810303;"Smash Season Fest: Falling Leaves";2
"Ozzy";563793;0;"Alonso";126587;2;1558810766;"Smash Season Fest: Falling Leaves";2
"S/Chance";1035192;2;"BeBop";69497;0;1558810976;"Smash Season Fest: Falling Leaves";2
"Ultimate";795203;2;"Ace";57154;0;1558810993;"Smash Season Fest: Falling Leaves";2
"Muju";1226604;2;"Flamon";172363;0;1558811194;"Smash Season Fest: Falling Leaves";2
"Sabino";953008;2;"FR7";211496;0;1558811531;"Smash Season Fest: Falling Leaves";2
"Arch";1099206;0;"LUGIA";999237;2;1558811738;"Smash Season Fest: Falling Leaves";2
"Roboto";557806;1;"Haxwei";1033803;2;1558811928;"Smash Season Fest: Falling Leaves";2
"Maleson";964809;2;"MICK";981066;0;1558812248;"Smash Season Fest: Falling Leaves";2
"Luffy";157946;2;"Amortax";533731;0;1558812350;"Smash Season Fest: Falling Leaves";2
"Ace";57154;0;"Muju";1226604;2;1558812570;"Smash Season Fest: Falling Leaves";2
"RevoS";172173;2;"Elias";229014;0;1558813124;"Smash Season Fest: Falling Leaves";2
"FR7";211496;2;"Alonso";126587;1;1558813195;"Smash Season Fest: Falling Leaves";2
"Ultimate";795203;1;"Sabino";953008;2;1558813212;"Smash Season Fest: Falling Leaves";2
"FR7";211496;0;"S/Chance";1035192;2;1558813925;"Smash Season Fest: Falling Leaves";2
"Naval";1099321;2;"Muju";1226604;1;1558813961;"Smash Season Fest: Falling Leaves";2
"Elias";229014;0;"Maleson";964809;2;1558814060;"Smash Season Fest: Falling Leaves";2
"Ultimate";795203;2;"Haxwei";1033803;0;1558814147;"Smash Season Fest: Falling Leaves";2
"Arch";1099206;2;"S/Chance";1035192;0;1558814656;"Smash Season Fest: Falling Leaves";2
"Amortax";533731;2;"Naval";1099321;1;1558815185;"Smash Season Fest: Falling Leaves";2
"Ultimate";795203;3;"Maleson";964809;1;1558816272;"Smash Season Fest: Falling Leaves";3
"RevoS";172173;3;"Sabino";953008;0;1558816394;"Smash Season Fest: Falling Leaves";3
"Amortax";533731;3;"Arch";1099206;0;1558816452;"Smash Season Fest: Falling Leaves";3
"LUGIA";999237;0;"Luffy";157946;3;1558816613;"Smash Season Fest: Falling Leaves";3
"LUGIA";999237;1;"Ultimate";795203;3;1558817661;"Smash Season Fest: Falling Leaves";3
"Sabino";953008;3;"Amortax";533731;1;1558817998;"Smash Season Fest: Falling Leaves";3
"RevoS";172173;0;"Luffy";157946;3;1558819213;"Smash Season Fest: Falling Leaves";3
"Sabino";953008;1;"Ultimate";795203;3;1558820308;"Smash Season Fest: Falling Leaves";3
"RevoS";172173;2;"Ultimate";795203;3;1558822008;"Smash Season Fest: Falling Leaves";3
"Luffy";157946;3;"Ultimate";795203;1;1558870613;"Smash Season Fest: Falling Leaves";3
"Magician";1269775;2;"kiNg";1282316;0;1561300590;"Twilight's Awakening";2
"Chino";1198340;2;"Gim";143935;0;1561300622;"Twilight's Awakening";2
"RoD";172230;2;"D4C";707867;0;1561300665;"Twilight's Awakening";2
"FyFox";1071532;2;"GUCCI";1196897;1;1561300926;"Twilight's Awakening";2
"FR7";211496;0;"Anubis570";323744;2;1561301653;"Twilight's Awakening";2
"ChaosPrime";621638;0;"Arch";1099206;2;1561301909;"Twilight's Awakening";2
"Haxwei";1033803;2;"JBB";1227619;0;1561301973;"Twilight's Awakening";2
"Strig";949477;0;"Miguelindo";1285675;2;1561302108;"Twilight's Awakening";2
"S/Chance";1035192;2;"mysterE";1076369;0;1561302493;"Twilight's Awakening";2
"Firinplinplin";1227722;2;"Afro";37319;0;1561302544;"Twilight's Awakening";2
"RevoS";172173;2;"Ozzy";563793;0;1561302940;"Twilight's Awakening";2
"Vyse";557753;1;"Mimok";172124;2;1561303200;"Twilight's Awakening";2
"Joaoarara";909133;0;"Sosser";557695;2;1561303406;"Twilight's Awakening";2
"Fexta!";1285673;0;"Miguelindo";1285675;2;1561303546;"Twilight's Awakening";2
"MICK";981066;2;"LonLon";1273321;0;1561303756;"Twilight's Awakening";2
"Maleson";964809;2;"Anubis570";323744;0;1561303870;"Twilight's Awakening";2
"Amortax";1075349;2;"Considera";792807;0;1561304094;"Twilight's Awakening";2
"Luffy";157946;2;"FyFox";1071532;0;1561304231;"Twilight's Awakening";2
"LUGIA";999237;2;"RoD";172230;0;1561304463;"Twilight's Awakening";2
"Sky";547786;2;"Magician";1269775;0;1561304719;"Twilight's Awakening";2
"Ultimate";795203;2;"Chino";1198340;1;1561305169;"Twilight's Awakening";2
"mysterE";1076369;2;"D4C";707867;0;1561308954;"Twilight's Awakening";2
"ChaosPrime";621638;2;"GUCCI";1196897;0;1561309088;"Twilight's Awakening";2
"LonLon";1273321;0;"Gim";143935;2;1561309201;"Twilight's Awakening";2
"Vyse";557753;2;"Anubis570";323744;0;1561309485;"Twilight's Awakening";2
"Ultimate";795203;2;"Sosser";557695;1;1561309774;"Twilight's Awakening";2
"kiNg";1282316;0;"RoD";172230;2;1561309822;"Twilight's Awakening";2
"ChaosPrime";621638;2;"Considera";792807;1;1561310156;"Twilight's Awakening";2
"Joaoarara";909133;2;"Strig";949477;0;1561310269;"Twilight's Awakening";2
"mysterE";1076369;2;"Magician";1269775;0;1561310448;"Twilight's Awakening";2
"JBB";1227619;2;"FyFox";1071532;1;1561310469;"Twilight's Awakening";2
"Sky";547786;2;"S/Chance";1035192;0;1561310515;"Twilight's Awakening";2
"Amortax";1075349;2;"Arch";1099206;0;1561311173;"Twilight's Awakening";2
"LUGIA";999237;2;"Ihmo";1071731;0;1561311202;"Twilight's Awakening";2
"Gim";143935;2;"Fexta!";1285673;0;1561311250;"Twilight's Awakening";2
"Luffy";157946;2;"Haxwei";1033803;1;1561311449;"Twilight's Awakening";2
"Maleson";964809;0;"Mimok";172124;2;1561311532;"Twilight's Awakening";2
"Miguelindo";1285675;0;"MICK";981066;2;1561312390;"Twilight's Awakening";2
"Afro";37319;2;"FR7";211496;0;1561312514;"Twilight's Awakening";2
"S/Chance";1035192;2;"RoD";172230;0;1561312540;"Twilight's Awakening";2
"Joaoarara";909133;1;"Chino";1198340;2;1561312667;"Twilight's Awakening";2
"RevoS";172173;2;"Firinplinplin";1227722;0;1561312838;"Twilight's Awakening";2
"Ihmo";1071731;1;"mysterE";1076369;2;1561312882;"Twilight's Awakening";2
"Arch";1099206;0;"JBB";1227619;2;1561313163;"Twilight's Awakening";2
"Haxwei";1033803;2;"ChaosPrime";621638;0;1561313185;"Twilight's Awakening";2
"Sosser";557695;2;"Gim";143935;0;1561313244;"Twilight's Awakening";2
"Afro";37319;2;"Ozzy";563793;1;1561313941;"Twilight's Awakening";2
"Miguelindo";1285675;0;"Chino";1198340;2;1561314005;"Twilight's Awakening";2
"Firinplinplin";1227722;1;"Vyse";557753;2;1561314124;"Twilight's Awakening";2
"Maleson";964809;1;"Afro";37319;2;1561314570;"Twilight's Awakening";2
"Sky";547786;0;"LUGIA";999237;2;1561315464;"Twilight's Awakening";2
"JBB";1227619;0;"Sosser";557695;2;1561315481;"Twilight's Awakening";2
"Chino";1198340;0;"Haxwei";1033803;2;1561315558;"Twilight's Awakening";2
"RevoS";172173;2;"Mimok";172124;0;1561315766;"Twilight's Awakening";2
"mysterE";1076369;2;"Vyse";557753;1;1561315906;"Twilight's Awakening";2
"Afro";37319;2;"S/Chance";1035192;1;1561316232;"Twilight's Awakening";2
"Ultimate";795203;2;"MICK";981066;0;1561316516;"Twilight's Awakening";2
"Sky";547786;2;"Haxwei";1033803;0;1561316552;"Twilight's Awakening";2
"Mimok";172124;0;"Sosser";557695;2;1561316706;"Twilight's Awakening";2
"Luffy";157946;2;"Amortax";1075349;1;1561316766;"Twilight's Awakening";2
"MICK";981066;0;"mysterE";1076369;2;1561317539;"Twilight's Awakening";2
"Sosser";557695;3;"Sky";547786;0;1561317633;"Twilight's Awakening";3
"Amortax";1075349;2;"Afro";37319;0;1561317867;"Twilight's Awakening";2
"LUGIA";999237;3;"RevoS";172173;2;1561318302;"Twilight's Awakening";3
"Luffy";157946;3;"Ultimate";795203;1;1561319544;"Twilight's Awakening";3
"mysterE";1076369;2;"Amortax";1075349;3;1561319662;"Twilight's Awakening";3
"Ultimate";795203;0;"Sosser";557695;3;1561321097;"Twilight's Awakening";3
"RevoS";172173;3;"Amortax";1075349;0;1561323862;"Twilight's Awakening";3
"Luffy";157946;3;"LUGIA";999237;1;1561324605;"Twilight's Awakening";3
"Sosser";557695;1;"RevoS";172173;3;1561325636;"Twilight's Awakening";3
"LUGIA";999237;1;"RevoS";172173;3;1561326857;"Twilight's Awakening";3
"Luffy";157946;3;"RevoS";172173;0;1561328457;"Twilight's Awakening";3
"Chaud";1033437;2;"Nenfz";1287512;0;1563027385;"Fight in Rio for the Future";2
"Ultimate";795203;2;"Ozzy";563793;0;1563027436;"Fight in Rio for the Future";2
"mysterE";1076369;2;"23";1316666;0;1563027746;"Fight in Rio for the Future";2
"Afro";37319;0;"Joaoarara";909133;2;1563027781;"Fight in Rio for the Future";2
"Ace";1316679;1;"Chino";1316647;2;1563027801;"Fight in Rio for the Future";2
"Maleson";964809;2;"BeBop";69497;1;1563027833;"Fight in Rio for the Future";2
"Amortax";533731;2;"Considera";792807;0;1563028009;"Fight in Rio for the Future";2
"Sully";172359;2;"diguetake";1312348;1;1563028230;"Fight in Rio for the Future";2
"Jayache";1312968;2;"Ferrantini";834580;0;1563028577;"Fight in Rio for the Future";2
"Strig";949477;1;"Anubis570";323744;2;1563028618;"Fight in Rio for the Future";2
"S/Chance";1035192;2;"Swiss";973628;0;1563028901;"Fight in Rio for the Future";2
"Nyer";1312234;1;"Proliel";21068;2;1563029032;"Fight in Rio for the Future";2
"Janjão";1312550;2;"Gim";143935;0;1563029127;"Fight in Rio for the Future";2
"MICK";981066;2;"Leow";1088411;0;1563029152;"Fight in Rio for the Future";2
"Guizo";971399;0;"RitsuoFox";469732;2;1563029204;"Fight in Rio for the Future";2
"Sabino";953008;2;"FR7";211496;0;1563029401;"Fight in Rio for the Future";2
"Jaycee";1013476;2;"Lucky Luciano";1311558;0;1563029827;"Fight in Rio for the Future";2
"Naty";1092900;2;"Miguelindo";982869;0;1563029897;"Fight in Rio for the Future";2
"Sky";1316747;2;"Lucas Portes";1316750;0;1563029930;"Fight in Rio for the Future";2
"Roboto";557806;2;"Rhunii";993971;0;1563030001;"Fight in Rio for the Future";2
"Inu";1095897;2;"Magician";1316654;0;1563030087;"Fight in Rio for the Future";2
"Vyse";557753;0;"FireEmblem";1227722;2;1563030339;"Fight in Rio for the Future";2
"LukeThomaz";424323;0;"Alunir";1311428;2;1563030635;"Fight in Rio for the Future";2
"Ozzy";563793;2;"Leow";1088411;0;1563030666;"Fight in Rio for the Future";2
"Ihmo";1071731;0;"Mimok";172124;2;1563030932;"Fight in Rio for the Future";2
"mysterE";1076369;2;"Tuca";584458;0;1563031008;"Fight in Rio for the Future";2
"FR7";211496;2;"Strig";949477;0;1563031166;"Fight in Rio for the Future";2
"Floko";558693;2;"Elias";229014;0;1563031221;"Fight in Rio for the Future";2
"BeBop";69497;2;"Nyer";1312234;1;1563031355;"Fight in Rio for the Future";2
"Lucky Luciano";1311558;1;"Guizo";971399;2;1563031666;"Fight in Rio for the Future";2
"Joaoarara";909133;2;"Stiltzkin";214303;0;1563031774;"Fight in Rio for the Future";2
"Nenfz";1287512;2;"Ferrantini";834580;1;1563031798;"Fight in Rio for the Future";2
"Chaud";1033437;2;"Jayache";1312968;0;1563031913;"Fight in Rio for the Future";2
"Gim";143935;2;"Miguelindo";982869;0;1563032027;"Fight in Rio for the Future";2
"Maleson";964809;1;"Proliel";21068;2;1563032222;"Fight in Rio for the Future";2
"S/Chance";1035192;1;"FireEmblem";1227722;2;1563032249;"Fight in Rio for the Future";2
"Player 7";38393;2;"Chino";1316647;0;1563032339;"Fight in Rio for the Future";2
"Swiss";973628;0;"Vyse";557753;2;1563032566;"Fight in Rio for the Future";2
"Janjão";1312550;2;"Naty";1092900;0;1563032656;"Fight in Rio for the Future";2
"Elias";229014;2;"diguetake";1312348;0;1563032757;"Fight in Rio for the Future";2
"Roboto";557806;2;"Alunir";1311428;0;1563032853;"Fight in Rio for the Future";2
"Amortax";533731;2;"Mimok";172124;0;1563032867;"Fight in Rio for the Future";2
"Lucas Portes";1316750;2;"Magician";1316654;0;1563033099;"Fight in Rio for the Future";2
"Considera";792807;1;"Ihmo";1071731;2;1563033160;"Fight in Rio for the Future";2
"Ultimate";795203;2;"MICK";981066;0;1563033189;"Fight in Rio for the Future";2
"Snek";1316685;2;"Bayo";1316708;0;1563033596;"Fight in Rio for the Future";2
"Sabino";953008;2;"Anubis570";323744;0;1563033894;"Fight in Rio for the Future";2
"Rhunii";993971;2;"LukeThomaz";424323;0;1563033922;"Fight in Rio for the Future";2
"Floko";558693;2;"Sully";172359;0;1563034038;"Fight in Rio for the Future";2
"Alunir";1311428;0;"Ace";1316679;2;1563034253;"Fight in Rio for the Future";2
"Tuca";584458;2;"Guizo";971399;0;1563034312;"Fight in Rio for the Future";2
"Bayo";1316708;0;"Afro";37319;2;1563034321;"Fight in Rio for the Future";2
"Sky";1316747;2;"Inu";1095897;1;1563034348;"Fight in Rio for the Future";2
"Jaycee";1013476;2;"RitsuoFox";469732;0;1563034528;"Fight in Rio for the Future";2
"S/Chance";1035192;2;"Lucas Portes";1316750;0;1563034877;"Fight in Rio for the Future";2
"Anubis570";323744;1;"Nenfz";1287512;2;1563035217;"Fight in Rio for the Future";2
"Luffy";157946;2;"GUCCI";1196897;1;1563035285;"Fight in Rio for the Future";2
"Sully";172359;0;"BeBop";69497;2;1563035305;"Fight in Rio for the Future";2
"Mimok";172124;2;"Ozzy";563793;0;1563035364;"Fight in Rio for the Future";2
"MICK";981066;0;"Ihmo";1071731;2;1563035600;"Fight in Rio for the Future";2
"Maleson";964809;0;"Elias";229014;2;1563035763;"Fight in Rio for the Future";2
"GUCCI";1196897;2;"Gim";143935;0;1563036036;"Fight in Rio for the Future";2
"Jayache";1312968;1;"FR7";211496;2;1563036153;"Fight in Rio for the Future";2
"Inu";1095897;0;"Vyse";557753;2;1563036230;"Fight in Rio for the Future";2
"RitsuoFox";469732;2;"23";1316666;0;1563036265;"Fight in Rio for the Future";2
"Chino";1316647;2;"Rhunii";993971;1;1563036397;"Fight in Rio for the Future";2
"Ultimate";795203;2;"FireEmblem";1227722;0;1563040310;"Fight in Rio for the Future";2
"Floko";558693;0;"Janjão";1312550;2;1563040394;"Fight in Rio for the Future";2
"Ace";1316679;2;"Nenfz";1287512;0;1563040533;"Fight in Rio for the Future";2
"Naty";1092900;1;"BeBop";69497;2;1563040643;"Fight in Rio for the Future";2
"Mimok";172124;2;"Vyse";557753;1;1563041031;"Fight in Rio for the Future";2
"Jaycee";1013476;2;"Joaoarara";909133;0;1563041151;"Fight in Rio for the Future";2
"Sabino";953008;0;"Roboto";557806;2;1563041478;"Fight in Rio for the Future";2
"Tuca";584458;2;"Afro";37319;0;1563041812;"Fight in Rio for the Future";2
"Player 7";38393;2;"Chaud";1033437;0;1563041872;"Fight in Rio for the Future";2
"Snek";1316685;0;"mysterE";1076369;2;1563042113;"Fight in Rio for the Future";2
"S/Chance";1035192;1;"Ihmo";1071731;2;1563042531;"Fight in Rio for the Future";2
"FR7";211496;0;"Chino";1316647;2;1563042560;"Fight in Rio for the Future";2
"Luffy";157946;2;"Proliel";21068;0;1563042739;"Fight in Rio for the Future";2
"Elias";229014;2;"GUCCI";1196897;1;1563042758;"Fight in Rio for the Future";2
"Chaud";1033437;2;"Ace";1316679;0;1563043339;"Fight in Rio for the Future";2
"Stiltzkin";214303;0;"RitsuoFox";469732;2;1563043392;"Fight in Rio for the Future";2
"Proliel";21068;2;"BeBop";69497;0;1563043674;"Fight in Rio for the Future";2
"FireEmblem";1227722;0;"Mimok";172124;2;1563043750;"Fight in Rio for the Future";2
"Sky";1316747;2;"Amortax";533731;0;1563043762;"Fight in Rio for the Future";2
"Snek";1316685;0;"RitsuoFox";469732;2;1563044121;"Fight in Rio for the Future";2
"Joaoarara";909133;2;"Tuca";584458;1;1563044340;"Fight in Rio for the Future";2
"Sabino";953008;2;"Chino";1316647;0;1563044441;"Fight in Rio for the Future";2
"Player 7";38393;2;"Roboto";557806;0;1563044528;"Fight in Rio for the Future";2
"Amortax";533731;0;"Ihmo";1071731;2;1563044906;"Fight in Rio for the Future";2
"Jaycee";1013476;0;"mysterE";1076369;2;1563045362;"Fight in Rio for the Future";2
"Floko";558693;0;"Elias";229014;2;1563045578;"Fight in Rio for the Future";2
"Ultimate";795203;0;"Sky";1316747;2;1563046107;"Fight in Rio for the Future";2
"Luffy";157946;2;"Janjão";1312550;0;1563047110;"Fight in Rio for the Future";2
"Joaoarara";909133;0;"RitsuoFox";469732;2;1563047901;"Fight in Rio for the Future";2
"Mimok";172124;2;"Ihmo";1071731;1;1563049306;"Fight in Rio for the Future";2
"Proliel";21068;1;"Elias";229014;2;1563050557;"Fight in Rio for the Future";2
"Chaud";1033437;2;"Sabino";953008;0;1563051208;"Fight in Rio for the Future";2
"Jaycee";1013476;0;"RitsuoFox";469732;2;1563052164;"Fight in Rio for the Future";2
"Janjão";1312550;2;"Elias";229014;1;1563053475;"Fight in Rio for the Future";2
"Ultimate";795203;0;"Mimok";172124;2;1563054486;"Fight in Rio for the Future";2
"Roboto";557806;2;"Chaud";1033437;0;1563055138;"Fight in Rio for the Future";2
"Luffy";157946;3;"mysterE";1076369;0;1563109522;"Fight in Rio for the Future";3
"Player 7";38393;3;"Sky";1316747;0;1563110229;"Fight in Rio for the Future";3
"Janjão";1312550;1;"RitsuoFox";469732;3;1563112064;"Fight in Rio for the Future";3
"Roboto";557806;2;"Mimok";172124;3;1563114070;"Fight in Rio for the Future";3
"Sky";1316747;3;"RitsuoFox";469732;2;1563115944;"Fight in Rio for the Future";3
"mysterE";1076369;2;"Mimok";172124;3;1563117810;"Fight in Rio for the Future";3
"Sky";1316747;3;"Mimok";172124;0;1563120470;"Fight in Rio for the Future";3
"Luffy";157946;3;"Player 7";38393;1;1563120556;"Fight in Rio for the Future";3
"Player 7";38393;3;"Sky";1316747;1;1563121662;"Fight in Rio for the Future";3
"Luffy";157946;2;"Player 7";38393;3;1563123599;"Fight in Rio for the Future";3
"Player 7";38393;1;"Luffy";157946;3;1563124476;"Fight in Rio for the Future";3
"Strig";949477;0;"Joaoarara";909133;2;1563718435;"Smash N' Magic - 3rd Edition";2
"Maleson";964809;0;"BeBop";69497;2;1563718520;"Smash N' Magic - 3rd Edition";2
"Morkez";1324255;2;"Gim";143935;1;1563718682;"Smash N' Magic - 3rd Edition";2
"test";1322110;2;"P.Vicious";1331503;1;1563718931;"Smash N' Magic - 3rd Edition";2
"MICK";981066;0;"Rhunii";993971;2;1563719336;"Smash N' Magic - 3rd Edition";2
"Guizo";971399;2;"DSK";1324254;0;1563719380;"Smash N' Magic - 3rd Edition";2
"Roc~";547836;2;"Samurai do Lamen";1331491;0;1563719433;"Smash N' Magic - 3rd Edition";2
"ChaosPrime";621638;2;"Lou";1324201;0;1563719572;"Smash N' Magic - 3rd Edition";2
"FyFox";1071532;2;"Crisiru07";1321385;0;1563720220;"Smash N' Magic - 3rd Edition";2
"Ozzy";563793;2;"Taunt";1331059;0;1563720458;"Smash N' Magic - 3rd Edition";2
"Alonso";126587;1;"FireEmblem";1227722;2;1563720644;"Smash N' Magic - 3rd Edition";2
"LCS";1237067;2;"Jao";1322858;1;1563720773;"Smash N' Magic - 3rd Edition";2
"Conker";172703;0;"Ren";1328068;2;1563721204;"Smash N' Magic - 3rd Edition";2
"Snek";514381;0;"Ace";1324039;2;1563721274;"Smash N' Magic - 3rd Edition";2
"GUCCI";1196897;1;"Afro";37319;2;1563721601;"Smash N' Magic - 3rd Edition";2
"RevoS";172173;2;"Guizo";971399;0;1563721877;"Smash N' Magic - 3rd Edition";2
"Sky";547786;2;"Morkez";1324255;0;1563722044;"Smash N' Magic - 3rd Edition";2
"Ultimate";795203;2;"Joaoarara";909133;1;1563722268;"Smash N' Magic - 3rd Edition";2
"DJ";1307528;2;"Cyber Twilight";172466;0;1563722549;"Smash N' Magic - 3rd Edition";2
"Roc~";547836;2;"Professor";1331066;0;1563723021;"Smash N' Magic - 3rd Edition";2
"Rhunii";993971;0;"Chino";1198340;2;1563723066;"Smash N' Magic - 3rd Edition";2
"BeBop";69497;2;"Vyse";557753;1;1563723113;"Smash N' Magic - 3rd Edition";2
"Luckstorm";1313015;2;"FR7";211496;0;1563723365;"Smash N' Magic - 3rd Edition";2
"mysterE";1076369;2;"LCS";1237067;0;1563723665;"Smash N' Magic - 3rd Edition";2
"S/Chance";1035192;2;"Ren";1328068;0;1563723758;"Smash N' Magic - 3rd Edition";2
"Roboto";557806;2;"FireEmblem";1227722;0;1563723902;"Smash N' Magic - 3rd Edition";2
"Mimok";172124;2;"ChaosPrime";621638;0;1563724350;"Smash N' Magic - 3rd Edition";2
"Haxwei";1033803;2;"FyFox";1071532;0;1563724656;"Smash N' Magic - 3rd Edition";2
"Sabino";953008;2;"Ace";1324039;0;1563724793;"Smash N' Magic - 3rd Edition";2
"test";1322110;0;"Ozzy";563793;2;1563725047;"Smash N' Magic - 3rd Edition";2
"Talberon";1327227;0;"Afro";37319;2;1563728433;"Smash N' Magic - 3rd Edition";2
"FireEmblem";1227722;2;"Strig";949477;0;1563729276;"Smash N' Magic - 3rd Edition";2
"Talberon";1327227;0;"Gim";143935;2;1563729365;"Smash N' Magic - 3rd Edition";2
"FyFox";1071532;2;"DSK";1324254;0;1563729503;"Smash N' Magic - 3rd Edition";2
"Guizo";971399;2;"Crisiru07";1321385;0;1563730108;"Smash N' Magic - 3rd Edition";2
"LCS";1237067;2;"Samurai do Lamen";1331491;0;1563730139;"Smash N' Magic - 3rd Edition";2
"P.Vicious";1331503;2;"Taunt";1331059;1;1563730366;"Smash N' Magic - 3rd Edition";2
"Rhunii";993971;2;"Sully";172359;0;1563730408;"Smash N' Magic - 3rd Edition";2
"Ren";1328068;0;"Maleson";964809;2;1563731034;"Smash N' Magic - 3rd Edition";2
"Professor";1331066;2;"Jao";1322858;1;1563731075;"Smash N' Magic - 3rd Edition";2
"Vyse";557753;2;"Conker";172703;0;1563731463;"Smash N' Magic - 3rd Edition";2
"Joaoarara";909133;2;"Alonso";126587;0;1563731673;"Smash N' Magic - 3rd Edition";2
"DJ";1307528;2;"Luckstorm";1313015;0;1563731888;"Smash N' Magic - 3rd Edition";2
"Morkez";1324255;2;"GUCCI";1196897;0;1563731924;"Smash N' Magic - 3rd Edition";2
"test";1322110;2;"Snek";514381;1;1563732164;"Smash N' Magic - 3rd Edition";2
"RevoS";172173;2;"BeBop";69497;0;1563732425;"Smash N' Magic - 3rd Edition";2
"Sky";547786;2;"Roc~";547836;0;1563732439;"Smash N' Magic - 3rd Edition";2
"Cyber Twilight";172466;2;"FR7";211496;0;1563732659;"Smash N' Magic - 3rd Edition";2
"Luckstorm";1313015;2;"Lou";1324201;0;1563732857;"Smash N' Magic - 3rd Edition";2
"S/Chance";1035192;0;"Haxwei";1033803;2;1563733115;"Smash N' Magic - 3rd Edition";2
"mysterE";1076369;2;"Afro";37319;1;1563733294;"Smash N' Magic - 3rd Edition";2
"FireEmblem";1227722;2;"MICK";981066;1;1563733481;"Smash N' Magic - 3rd Edition";2
"Ace";1324039;2;"P.Vicious";1331503;0;1563733628;"Smash N' Magic - 3rd Edition";2
"FyFox";1071532;0;"Maleson";964809;2;1563733773;"Smash N' Magic - 3rd Edition";2
"Gim";143935;2;"LCS";1237067;1;1563734196;"Smash N' Magic - 3rd Edition";2
"Rhunii";993971;0;"Joaoarara";909133;2;1563734346;"Smash N' Magic - 3rd Edition";2
"Vyse";557753;2;"Guizo";971399;1;1563734732;"Smash N' Magic - 3rd Edition";2
"Mimok";172124;2;"Ozzy";563793;1;1563734939;"Smash N' Magic - 3rd Edition";2
"Ultimate";795203;2;"Chino";1198340;0;1563735042;"Smash N' Magic - 3rd Edition";2
"BeBop";69497;2;"Maleson";964809;0;1563735419;"Smash N' Magic - 3rd Edition";2
"Arch";1099206;0;"Roboto";557806;2;1563735862;"Smash N' Magic - 3rd Edition";2
"S/Chance";1035192;2;"Vyse";557753;0;1563735916;"Smash N' Magic - 3rd Edition";2
"Roc~";547836;2;"Gim";143935;1;1563735959;"Smash N' Magic - 3rd Edition";2
"Professor";1331066;0;"Morkez";1324255;2;1563735999;"Smash N' Magic - 3rd Edition";2
"ChaosPrime";621638;0;"Cyber Twilight";172466;2;1563736295;"Smash N' Magic - 3rd Edition";2
"Chino";1198340;1;"FireEmblem";1227722;2;1563736811;"Smash N' Magic - 3rd Edition";2
"Afro";37319;2;"Morkez";1324255;1;1563736891;"Smash N' Magic - 3rd Edition";2
"Luckstorm";1313015;2;"Ace";1324039;0;1563737131;"Smash N' Magic - 3rd Edition";2
"Sabino";953008;0;"DJ";1307528;2;1563737185;"Smash N' Magic - 3rd Edition";2
"Arch";1099206;0;"Joaoarara";909133;2;1563737553;"Smash N' Magic - 3rd Edition";2
"Ozzy";563793;2;"Luckstorm";1313015;0;1563737583;"Smash N' Magic - 3rd Edition";2
"Sabino";953008;2;"Cyber Twilight";172466;0;1563738167;"Smash N' Magic - 3rd Edition";2
"S/Chance";1035192;2;"Ozzy";563793;0;1563739196;"Smash N' Magic - 3rd Edition";2
"Sabino";953008;2;"BeBop";69497;0;1563739352;"Smash N' Magic - 3rd Edition";2
"Afro";37319;2;"FireEmblem";1227722;0;1563739363;"Smash N' Magic - 3rd Edition";2
"RevoS";172173;2;"Haxwei";1033803;0;1563740178;"Smash N' Magic - 3rd Edition";2
"Mimok";172124;2;"DJ";1307528;0;1563740297;"Smash N' Magic - 3rd Edition";2
"Joaoarara";909133;2;"Roc~";547836;1;1563740446;"Smash N' Magic - 3rd Edition";2
"DJ";1307528;2;"Afro";37319;0;1563741194;"Smash N' Magic - 3rd Edition";2
"Sky";547786;1;"mysterE";1076369;2;1563741211;"Smash N' Magic - 3rd Edition";2
"Ultimate";795203;1;"Roboto";557806;2;1563741340;"Smash N' Magic - 3rd Edition";2
"Sky";547786;2;"Sabino";953008;1;1563742147;"Smash N' Magic - 3rd Edition";2
"Ultimate";795203;2;"S/Chance";1035192;1;1563742230;"Smash N' Magic - 3rd Edition";2
"Haxwei";1033803;0;"Joaoarara";909133;2;1563742259;"Smash N' Magic - 3rd Edition";2
"mysterE";1076369;1;"Roboto";557806;3;1563743514;"Smash N' Magic - 3rd Edition";3
"DJ";1307528;0;"Joaoarara";909133;3;1563743689;"Smash N' Magic - 3rd Edition";3
"RevoS";172173;2;"Mimok";172124;3;1563744008;"Smash N' Magic - 3rd Edition";3
"Ultimate";795203;2;"Sky";547786;3;1563744881;"Smash N' Magic - 3rd Edition";3
"Mimok";172124;0;"Roboto";557806;3;1563745214;"Smash N' Magic - 3rd Edition";3
"mysterE";1076369;2;"Joaoarara";909133;3;1563745573;"Smash N' Magic - 3rd Edition";3
"RevoS";172173;3;"Sky";547786;1;1563746276;"Smash N' Magic - 3rd Edition";3
"RevoS";172173;3;"Joaoarara";909133;1;1563747552;"Smash N' Magic - 3rd Edition";3
"Mimok";172124;3;"RevoS";172173;2;1563749204;"Smash N' Magic - 3rd Edition";3
"Roboto";557806;2;"Mimok";172124;3;1563750838;"Smash N' Magic - 3rd Edition";3
"Mimok";172124;3;"Roboto";557806;1;1563751957;"Smash N' Magic - 3rd Edition";3
