"p1","score1","p2","score2","completed","tournament","first_to"
"D4C",0,"Guizo",2,1544892553,"Koopa Armada",2
"Fakinha",2,"Gotelho",0,1544892585,"Koopa Armada",2
"Blaze",1,"Thales",2,1544893041,"Koopa Armada",2
"Mr. Z",0,"Leso",2,1544893052,"Koopa Armada",2
"Mick",2,"PokaTranca",0,1544893061,"Koopa Armada",2
"Celly",0,"IzZI127",2,1544893084,"Koopa Armada",2
"Sully",2,"Neoob",1,1544893090,"Koopa Armada",2
"BrianGun",2,"Aisengobay",0,1544893096,"Koopa Armada",2
"Drei",0,"Dr. Lemos",2,1544893215,"Koopa Armada",2
"chapeudopresto",2,"Linus",0,1544893336,"Koopa Armada",2
"Quantumleaper NEO",2,"LukeThomaz",0,1544893391,"Koopa Armada",2
"Maycky",2,"Renault",1,1544893537,"Koopa Armada",2
"Jayache",0,"Sabino",2,1544893568,"Koopa Armada",2
"Owlogy",0,"Daftmind",2,1544893584,"Koopa Armada",2
"Burtão",2,"Frostfire",1,1544893667,"Koopa Armada",2
"Afro",2,"Ozzy",0,1544893791,"Koopa Armada",2
"GodUsopp",0,"Maleson",2,1544893874,"Koopa Armada",2
"Luma",2,"Mini Roc",0,1544893896,"Koopa Armada",2
"Vyse",2,"IzZI127",0,1544893995,"Koopa Armada",2
"Dethnerv",2,"Artch",1,1544894027,"Koopa Armada",2
"FullMoon",2,"TROVS",0,1544894982,"Koopa Armada",2
"Roc~",2,"Mick",0,1544895017,"Koopa Armada",2
"Patraozin",0,"MiniGoku",2,1544895070,"Koopa Armada",2
"Zord",0,"Maleson",2,1544895097,"Koopa Armada",2
"Miguelindo",0,"Guizo",2,1544895197,"Koopa Armada",2
"Cyber Twilight",2,"Afro",1,1544895274,"Koopa Armada",2
"Quantumleaper NEO",0,"Fakinha",2,1544895347,"Koopa Armada",2
"Messias",1,"Sully",2,1544895543,"Koopa Armada",2
"KD",0,"Abaca",2,1544895642,"Koopa Armada",2
"Prolo",2,"Calvao",0,1544895693,"Koopa Armada",2
"Roboto",2,"chapeudopresto",0,1544896032,"Koopa Armada",2
"Danny",0,"Monad0",2,1544896046,"Koopa Armada",2
"RoD",2,"Gim",0,1544896066,"Koopa Armada",2
"Zombie Hunter",0,"Korn",2,1544896263,"Koopa Armada",2
"Sonic Orochi",2,"Pete",0,1544896322,"Koopa Armada",2
"Leso",2,"Moonflair",0,1544896489,"Koopa Armada",2
"BeBop",2,"Daftmind",0,1544896601,"Koopa Armada",2
"Sky",2,"Thiago Neoob",0,1544897224,"Koopa Armada",2
"RitsuoFox",2,"Prolo",1,1544897261,"Koopa Armada",2
"Ultimate",2,"Maycky",0,1544897297,"Koopa Armada",2
"donotc0ntinue",2,"Pe de Moleque",1,1544897374,"Koopa Armada",2
"Luij",0,"Dethnerv",2,1544897413,"Koopa Armada",2
"Elias",2,"Burtão",1,1544897498,"Koopa Armada",2
"Joaoarara",0,"SKPeter",2,1544897610,"Koopa Armada",2
"Floko",2,"Kanto",0,1544898084,"Koopa Armada",2
"Neptune",0,"RoD",2,1544898256,"Koopa Armada",2
"Afro",2,"Mr. Z",0,1544898331,"Koopa Armada",2
"BeBop",2,"Korn",0,1544898414,"Koopa Armada",2
"Jab Air",1,"Sabino",2,1544898728,"Koopa Armada",2
"Cyber Twilight",2,"BrianGun",1,1544898848,"Koopa Armada",2
"Blaze",0,"Afro",2,1544898920,"Koopa Armada",2
"BrunoLana",1,"MiniGoku",2,1544899025,"Koopa Armada",2
"chapeudopresto",2,"D4C",0,1544899094,"Koopa Armada",2
"Moonflair",2,"Ozzy",1,1544899215,"Koopa Armada",2
"Sky",2,"SKPeter",0,1544899420,"Koopa Armada",2
"Roboto",0,"Dr. Lemos",2,1544899494,"Koopa Armada",2
"Vyse",2,"Sully",0,1544899559,"Koopa Armada",2
"Sosser",2,"Abaca",0,1544899644,"Koopa Armada",2
"Quantumleaper NEO",2,"TROVS",0,1544899680,"Koopa Armada",2
"Floko",2,"Guizo",0,1544899859,"Koopa Armada",2
"Maleson",2,"RoD",0,1544899944,"Koopa Armada",2
"Luffy",2,"Thales",0,1544899986,"Koopa Armada",2
"Roc~",2,"Lorenzo",0,1544900022,"Koopa Armada",2
"Burtão",2,"Gim",0,1544900122,"Koopa Armada",2
"GodUsopp",0,"Burtão",2,1544900132,"Koopa Armada",2
"Zombie Hunter",0,"Daftmind",2,1544900367,"Koopa Armada",2
"Neptune",2,"Frostfire",0,1544900386,"Koopa Armada",2
"Miguelindo",2,"Linus",0,1544900447,"Koopa Armada",2
"RitsuoFox",2,"Monad0",0,1544900594,"Koopa Armada",2
"Ultimate",2,"ThiFesta",0,1544900610,"Koopa Armada",2
"Owlogy",0,"Maycky",2,1544900801,"Koopa Armada",2
"Jab Air",2,"Patraozin",0,1544900838,"Koopa Armada",2
"Celly",0,"Mick",2,1544900870,"Koopa Armada",2
"BrunoLana",2,"Jayache",0,1544900928,"Koopa Armada",2
"Joaoarara",2,"Gotelho",0,1544901063,"Koopa Armada",2
"Luij",2,"Calvao",0,1544901102,"Koopa Armada",2
"RoD",2,"Daftmind",0,1544901131,"Koopa Armada",2
"Luffy",2,"Leso",0,1544901218,"Koopa Armada",2
"Dr. Lemos",0,"Sky",2,1544901350,"Koopa Armada",2
"FullMoon",1,"Fakinha",2,1544901372,"Koopa Armada",2
"Elias",2,"donotc0ntinue",0,1544901572,"Koopa Armada",2
"Sabino",2,"Luma",0,1544901657,"Koopa Armada",2
"Prolo",2,"Artch",0,1544901686,"Koopa Armada",2
"Guizo",0,"Joaoarara",2,1544901737,"Koopa Armada",2
"Neptune",0,"Zord",2,1544901885,"Koopa Armada",2
"Sonic Orochi",2,"Dethnerv",0,1544902019,"Koopa Armada",2
"Roboto",2,"Quantumleaper NEO",0,1544902162,"Koopa Armada",2
"Kanto",0,"Drei",2,1544902179,"Koopa Armada",2
"Moonflair",2,"Thales",0,1544902240,"Koopa Armada",2
"Sosser",2,"MiniGoku",0,1544902272,"Koopa Armada",2
"Vyse",0,"Cyber Twilight",2,1544902560,"Koopa Armada",2
"BrianGun",2,"Mick",0,1544902570,"Koopa Armada",2
"Korn",0,"Zord",2,1544902661,"Koopa Armada",2
"Lorenzo",0,"Afro",2,1544902851,"Koopa Armada",2
"FullMoon",2,"chapeudopresto",0,1544902876,"Koopa Armada",2
"Abaca",2,"Mini Roc",0,1544903087,"Koopa Armada",2
"Messias",2,"PokaTranca",1,1544903134,"Koopa Armada",2
"Ultimate",2,"Maleson",1,1544903408,"Koopa Armada",2
"Sonic Orochi",0,"Sosser",2,1544903544,"Koopa Armada",2
"Miguelindo",1,"Drei",2,1544903609,"Koopa Armada",2
"KD",1,"Jab Air",2,1544903632,"Koopa Armada",2
"Luij",0,"Pete",2,1544903739,"Koopa Armada",2
"Joaoarara",2,"FullMoon",1,1544903880,"Koopa Armada",2
"donotc0ntinue",0,"Maycky",2,1544903964,"Koopa Armada",2
"MiniGoku",2,"Prolo",0,1544904010,"Koopa Armada",2
"Elias",0,"BeBop",2,1544904060,"Koopa Armada",2
"Messias",0,"IzZI127",2,1544904147,"Koopa Armada",2
"ThiFesta",0,"Burtão",2,1544904205,"Koopa Armada",2
"Luma",2,"Pete",0,1544904263,"Koopa Armada",2
"Sully",0,"Moonflair",2,1544904379,"Koopa Armada",2
"Dethnerv",0,"Jab Air",2,1544904482,"Koopa Armada",2
"BrunoLana",1,"Abaca",2,1544904556,"Koopa Armada",2
"Luffy",2,"Roc~",0,1544904647,"Koopa Armada",2
"Dr. Lemos",0,"Joaoarara",2,1544904663,"Koopa Armada",2
"Leso",1,"IzZI127",2,1544904904,"Koopa Armada",2
"Zord",2,"Maycky",1,1544904948,"Koopa Armada",2
"MiniGoku",1,"Jab Air",2,1544905226,"Koopa Armada",2
"BrianGun",2,"Moonflair",1,1544905419,"Koopa Armada",2
"RoD",1,"Burtão",2,1544905426,"Koopa Armada",2
"Fakinha",0,"Floko",2,1544905513,"Koopa Armada",2
"SKPeter",2,"Drei",0,1544905521,"Koopa Armada",2
"Maleson",2,"Zord",0,1544905542,"Koopa Armada",2
"Sabino",2,"RitsuoFox",0,1544905628,"Koopa Armada",2
"Roc~",2,"BrianGun",0,1544906336,"Koopa Armada",2
"Monad0",0,"Abaca",2,1544906448,"Koopa Armada",2
"RitsuoFox",0,"Jab Air",2,1544906449,"Koopa Armada",2
"SKPeter",0,"Roboto",2,1544906946,"Koopa Armada",2
"Elias",2,"Burtão",0,1544907322,"Koopa Armada",2
"Fakinha",0,"Roboto",2,1544907498,"Koopa Armada",2
"Abaca",2,"Luma",0,1544907676,"Koopa Armada",2
"Afro",2,"IzZI127",0,1544908275,"Koopa Armada",2
"Sonic Orochi",0,"Abaca",2,1544908532,"Koopa Armada",2
"Vyse",0,"Afro",2,1544908998,"Koopa Armada",2
"Elias",0,"Roboto",3,1544979289,"Koopa Armada",3
"Ultimate",3,"BeBop",0,1544979374,"Koopa Armada",3
"Abaca",3,"Roc~",0,1544979870,"Koopa Armada",3
"Sabino",0,"Sosser",3,1544980355,"Koopa Armada",3
"Afro",3,"Jab Air",2,1544981295,"Koopa Armada",3
"Floko",0,"Sky",3,1544981614,"Koopa Armada",3
"Sabino",2,"Maleson",3,1544981931,"Koopa Armada",3
"BeBop",3,"Afro",0,1544982332,"Koopa Armada",3
"Luffy",3,"Cyber Twilight",0,1544982676,"Koopa Armada",3
"Floko",1,"Abaca",3,1544983378,"Koopa Armada",3
"Sky",3,"Ultimate",0,1544983506,"Koopa Armada",3
"Luffy",3,"Sosser",0,1544984488,"Koopa Armada",3
"Cyber Twilight",3,"Roboto",2,1544984532,"Koopa Armada",3
"Maleson",3,"Cyber Twilight",0,1544985683,"Koopa Armada",3
"BeBop",3,"Abaca",2,1544985686,"Koopa Armada",3
"Sosser",3,"BeBop",2,1544987148,"Koopa Armada",3
"Luffy",2,"Sky",3,1544988798,"Koopa Armada",3
"Ultimate",3,"Maleson",1,1544990176,"Koopa Armada",3
"Sosser",1,"Ultimate",3,1544991752,"Koopa Armada",3
"Luffy",3,"Ultimate",0,1544994683,"Koopa Armada",3
"Sky",3,"Luffy",0,1544994708,"Koopa Armada",3
"Maleson",2,"Monad0",0,1548517207,"Smash Season Fest: Smash Heat",2
"Elias",0,"Haxwei",2,1548517251,"Smash Season Fest: Smash Heat",2
"Burtão",2,"Bach",0,1548517265,"Smash Season Fest: Smash Heat",2
"Mimok",2,"Sully",0,1548517294,"Smash Season Fest: Smash Heat",2
"BeBop",0,"Vyse",2,1548517311,"Smash Season Fest: Smash Heat",2
"Ditro",1,"Bent",2,1548517332,"Smash Season Fest: Smash Heat",2
"Amortax",2,"Fakinha",0,1548517342,"Smash Season Fest: Smash Heat",2
"LUGIA",2,"Thurler",0,1548517353,"Smash Season Fest: Smash Heat",2
"Rates",0,"Ihmo",2,1548517394,"Smash Season Fest: Smash Heat",2
"Afro",2,"Ozzy",0,1548517402,"Smash Season Fest: Smash Heat",2
"Dcay",0,"Naty",2,1548517411,"Smash Season Fest: Smash Heat",2
"LeoDT",0,"Arch",2,1548517429,"Smash Season Fest: Smash Heat",2
"Simic",0,"Sky",2,1548517478,"Smash Season Fest: Smash Heat",2
"RevoS",1,"Mimok",2,1548519373,"Smash Season Fest: Smash Heat",2
"Dr. Lemos",0,"Sky",2,1548519602,"Smash Season Fest: Smash Heat",2
"Gim",0,"LUGIA",2,1548519633,"Smash Season Fest: Smash Heat",2
"Roboto",2,"Ihmo",0,1548519646,"Smash Season Fest: Smash Heat",2
"Prime",2,"Naty",0,1548519656,"Smash Season Fest: Smash Heat",2
"ThiFesta",0,"Haxwei",2,1548519677,"Smash Season Fest: Smash Heat",2
"FR7",0,"Ace",2,1548519685,"Smash Season Fest: Smash Heat",2
"Ultimate",2,"Amortax",0,1548520205,"Smash Season Fest: Smash Heat",2
"RndNess",2,"Jao",1,1548520407,"Smash Season Fest: Smash Heat",2
"Luma",0,"Vyse",2,1548520646,"Smash Season Fest: Smash Heat",2
"HeadBenzi",1,"Afro",2,1548520668,"Smash Season Fest: Smash Heat",2
"Roc~",2,"RndNess",0,1548521310,"Smash Season Fest: Smash Heat",2
"Sabino",2,"Ace",0,1548521554,"Smash Season Fest: Smash Heat",2
"Flamon",1,"Arch",2,1548521573,"Smash Season Fest: Smash Heat",2
"Minus",1,"Maleson",2,1548521774,"Smash Season Fest: Smash Heat",2
"Joaoarara",2,"RoD",0,1548522291,"Smash Season Fest: Smash Heat",2
"Pete",0,"Burtão",2,1548523034,"Smash Season Fest: Smash Heat",2
"S/Chance",1,"Bent",2,1548523125,"Smash Season Fest: Smash Heat",2
"Ace",2,"Sully",0,1548523167,"Smash Season Fest: Smash Heat",2
"ThiFesta",2,"Simic",0,1548523213,"Smash Season Fest: Smash Heat",2
"RndNess",1,"BeBop",2,1548523238,"Smash Season Fest: Smash Heat",2
"Naty",0,"Fakinha",2,1548523395,"Smash Season Fest: Smash Heat",2
"HeadBenzi",2,"Thurler",0,1548523433,"Smash Season Fest: Smash Heat",2
"Ihmo",2,"Monad0",0,1548523993,"Smash Season Fest: Smash Heat",2
"Dr. Lemos",1,"Elias",2,1548524199,"Smash Season Fest: Smash Heat",2
"Minus",2,"Rates",0,1548524319,"Smash Season Fest: Smash Heat",2
"S/Chance",2,"LeoDT",0,1548524651,"Smash Season Fest: Smash Heat",2
"Gim",2,"Ozzy",1,1548524749,"Smash Season Fest: Smash Heat",2
"RevoS",2,"FR7",0,1548525484,"Smash Season Fest: Smash Heat",2
"Roboto",0,"Afro",2,1548525513,"Smash Season Fest: Smash Heat",2
"Luma",0,"Jao",2,1548525560,"Smash Season Fest: Smash Heat",2
"RoD",2,"Bach",0,1548525678,"Smash Season Fest: Smash Heat",2
"Prime",2,"Arch",1,1548526359,"Smash Season Fest: Smash Heat",2
"Roc~",2,"Burtão",1,1548529443,"Smash Season Fest: Smash Heat",2
"Sabino",2,"Haxwei",1,1548529463,"Smash Season Fest: Smash Heat",2
"RevoS",2,"Elias",0,1548529541,"Smash Season Fest: Smash Heat",2
"Roboto",2,"RevoS",0,1548529556,"Smash Season Fest: Smash Heat",2
"Jao",2,"RoD",0,1548529637,"Smash Season Fest: Smash Heat",2
"Amortax",2,"S/Chance",1,1548529654,"Smash Season Fest: Smash Heat",2
"Burtão",0,"Amortax",2,1548529678,"Smash Season Fest: Smash Heat",2
"Minus",2,"Gim",1,1548529703,"Smash Season Fest: Smash Heat",2
"HeadBenzi",2,"Ihmo",0,1548529712,"Smash Season Fest: Smash Heat",2
"Flamon",0,"Fakinha",2,1548529720,"Smash Season Fest: Smash Heat",2
"Pete",0,"BeBop",2,1548529726,"Smash Season Fest: Smash Heat",2
"ThiFesta",2,"Ace",1,1548529734,"Smash Season Fest: Smash Heat",2
"Arch",2,"Jao",1,1548529753,"Smash Season Fest: Smash Heat",2
"Bent",1,"Ultimate",2,1548529937,"Smash Season Fest: Smash Heat",2
"Sky",2,"Mimok",0,1548531156,"Smash Season Fest: Smash Heat",2
"Afro",2,"Prime",0,1548531633,"Smash Season Fest: Smash Heat",2
"LUGIA",2,"Maleson",0,1548532401,"Smash Season Fest: Smash Heat",2
"Ultimate",2,"LUGIA",1,1548532529,"Smash Season Fest: Smash Heat",2
"Arch",0,"Roboto",2,1548532696,"Smash Season Fest: Smash Heat",2
"Haxwei",2,"Minus",1,1548532719,"Smash Season Fest: Smash Heat",2
"Haxwei",2,"Amortax",0,1548532731,"Smash Season Fest: Smash Heat",2
"Mimok",2,"HeadBenzi",0,1548532754,"Smash Season Fest: Smash Heat",2
"Bent",2,"BeBop",0,1548532766,"Smash Season Fest: Smash Heat",2
"Maleson",2,"ThiFesta",0,1548532778,"Smash Season Fest: Smash Heat",2
"Joaoarara",2,"Vyse",0,1548532803,"Smash Season Fest: Smash Heat",2
"Vyse",2,"Fakinha",1,1548532840,"Smash Season Fest: Smash Heat",2
"Vyse",0,"Mimok",2,1548532912,"Smash Season Fest: Smash Heat",2
"Sky",2,"Joaoarara",0,1548534183,"Smash Season Fest: Smash Heat",2
"Roc~",2,"Sabino",1,1548534229,"Smash Season Fest: Smash Heat",2
"Maleson",0,"Bent",2,1548534345,"Smash Season Fest: Smash Heat",2
"Prime",2,"Bent",0,1548534359,"Smash Season Fest: Smash Heat",2
"LUGIA",1,"Roboto",2,1548536006,"Smash Season Fest: Smash Heat",2
"Joaoarara",2,"Haxwei",1,1548536022,"Smash Season Fest: Smash Heat",2
"Sabino",2,"Mimok",1,1548536037,"Smash Season Fest: Smash Heat",2
"Sky",3,"Ultimate",1,1548541722,"Smash Season Fest: Smash Heat",3
"Afro",2,"Roc~",3,1548541734,"Smash Season Fest: Smash Heat",3
"Sky",3,"Roc~",0,1548541749,"Smash Season Fest: Smash Heat",3
"Prime",0,"Sabino",3,1548544005,"Smash Season Fest: Smash Heat",3
"Joaoarara",0,"Roboto",3,1548544073,"Smash Season Fest: Smash Heat",3
"Sabino",0,"Roboto",3,1548599972,"Smash Season Fest: Smash Heat",3
"Roc~",1,"Roboto",3,1548599993,"Smash Season Fest: Smash Heat",3
"Sky",3,"Roboto",1,1548600012,"Smash Season Fest: Smash Heat",3
"HeadBenzi",2,"Arch",0,1550936686,"Smash Heat 2",2
"Afro",0,"LeoDT",2,1550936756,"Smash Heat 2",2
"RevoS",2,"LUGIA",0,1550936935,"Smash Heat 2",2
"Roboto",2,"Bent",0,1550937044,"Smash Heat 2",2
"Ultimate",2,"Simic",1,1550937320,"Smash Heat 2",2
"BeBop",2,"Gim",0,1550937727,"Smash Heat 2",2
"Dr. Lemos",2,"Naval",0,1550938046,"Smash Heat 2",2
"Mimok",2,"Ace",1,1550938106,"Smash Heat 2",2
"RoD",1,"Ozzy",2,1550938235,"Smash Heat 2",2
"Roc~",2,"Sully",0,1550938578,"Smash Heat 2",2
"Sabino",2,"Burtão",0,1550939067,"Smash Heat 2",2
"ChaosPrime",1,"Pete",2,1550939187,"Smash Heat 2",2
"Amortax",2,"Alonso",0,1550939257,"Smash Heat 2",2
"Maleson",2,"Lance",0,1550939653,"Smash Heat 2",2
"Ihmo",2,"JoJo Rama",0,1550939805,"Smash Heat 2",2
"ThiFesta",0,"Rates",2,1550939829,"Smash Heat 2",2
"Afro",1,"LUGIA",2,1550940318,"Smash Heat 2",2
"Roboto",2,"HeadBenzi",0,1550940363,"Smash Heat 2",2
"Bent",2,"Arch",0,1550940504,"Smash Heat 2",2
"Simic",0,"Alonso",2,1550940629,"Smash Heat 2",2
"Sully",0,"Naval",2,1550941317,"Smash Heat 2",2
"LeoDT",1,"RevoS",2,1550941414,"Smash Heat 2",2
"Lance",1,"Ace",2,1550941441,"Smash Heat 2",2
"Gim",2,"ThiFesta",1,1550941799,"Smash Heat 2",2
"Ultimate",0,"Amortax",2,1550942211,"Smash Heat 2",2
"Pete",0,"Ozzy",2,1550942391,"Smash Heat 2",2
"ChaosPrime",2,"RoD",1,1550942411,"Smash Heat 2",2
"Burtão",2,"JoJo Rama",0,1550942489,"Smash Heat 2",2
"HeadBenzi",2,"Ace",0,1550943344,"Smash Heat 2",2
"Maleson",0,"Mimok",2,1550943496,"Smash Heat 2",2
"BeBop",2,"Rates",0,1550943591,"Smash Heat 2",2
"Roc~",1,"Dr. Lemos",2,1550943641,"Smash Heat 2",2
"Sabino",2,"Ihmo",0,1550943856,"Smash Heat 2",2
"Pete",0,"Alonso",2,1550944163,"Smash Heat 2",2
"Rates",0,"Naval",2,1550944220,"Smash Heat 2",2
"Ihmo",0,"LUGIA",2,1550944395,"Smash Heat 2",2
"Roboto",0,"RevoS",2,1550944623,"Smash Heat 2",2
"Roc~",2,"Gim",0,1550944761,"Smash Heat 2",2
"Ultimate",2,"ChaosPrime",0,1550944963,"Smash Heat 2",2
"Maleson",0,"Bent",2,1550945329,"Smash Heat 2",2
"Amortax",0,"BeBop",2,1550945439,"Smash Heat 2",2
"LeoDT",2,"Burtão",0,1550945493,"Smash Heat 2",2
"Naval",1,"Ultimate",2,1550945889,"Smash Heat 2",2
"Dr. Lemos",2,"Ozzy",0,1550946227,"Smash Heat 2",2
"Alonso",0,"Roc~",2,1550946310,"Smash Heat 2",2
"Bent",2,"LUGIA",1,1550946649,"Smash Heat 2",2
"LeoDT",2,"HeadBenzi",0,1550946678,"Smash Heat 2",2
"Sabino",2,"Mimok",0,1550947278,"Smash Heat 2",2
"Roboto",2,"Roc~",1,1550947403,"Smash Heat 2",2
"Ozzy",0,"LeoDT",2,1550947452,"Smash Heat 2",2
"Amortax",0,"Bent",2,1550947634,"Smash Heat 2",2
"Mimok",2,"Ultimate",1,1550948195,"Smash Heat 2",2
"Bent",0,"Roboto",3,1550949263,"Smash Heat 2",3
"Dr. Lemos",1,"Sabino",3,1550949751,"Smash Heat 2",3
"RevoS",3,"BeBop",0,1550950769,"Smash Heat 2",3
"Mimok",3,"LeoDT",1,1550950838,"Smash Heat 2",3
"RevoS",3,"Sabino",0,1550951774,"Smash Heat 2",3
"Dr. Lemos",0,"Roboto",3,1550952115,"Smash Heat 2",3
"BeBop",3,"Mimok",0,1550952783,"Smash Heat 2",3
"Roboto",3,"BeBop",1,1550954027,"Smash Heat 2",3
"Sabino",1,"Roboto",3,1550955182,"Smash Heat 2",3
"RevoS",3,"Roboto",0,1550956115,"Smash Heat 2",3
"Ozzy",2,"Sandman",0,1552833095,"Smash N' Magic",2
"RoD",0,"Unexpected",2,1552833195,"Smash N' Magic",2
"Drutar",0,"Naval",2,1552833228,"Smash N' Magic",2
"Ryvius",0,"RndNess",2,1552833277,"Smash N' Magic",2
"Mick",0,"LeoDT",2,1552833298,"Smash N' Magic",2
"FR7",1,"DJ",2,1552833556,"Smash N' Magic",2
"ChaosPrime",2,"Arch",0,1552834222,"Smash N' Magic",2
"Gim",2,"FritzThe2",0,1552834285,"Smash N' Magic",2
"Floko",2,"Alonso",0,1552834302,"Smash N' Magic",2
"Maleson",2,"Considera",0,1552834316,"Smash N' Magic",2
"Polon",2,"ippo",0,1552834331,"Smash N' Magic",2
"LUGIA",2,"Kira",0,1552834697,"Smash N' Magic",2
"Pete",1,"Raphael Vieitas",2,1552835008,"Smash N' Magic",2
"Simic",2,"Fy",0,1552835144,"Smash N' Magic",2
"Owlogy",0,"Inu",2,1552835155,"Smash N' Magic",2
"Ramon",0,"Haxwei",2,1552835357,"Smash N' Magic",2
"Vlory",1,"Snek",2,1552835437,"Smash N' Magic",2
"S/Chance",2,"IzZI127",0,1552835636,"Smash N' Magic",2
"Sky",2,"Unexpected",0,1552836079,"Smash N' Magic",2
"Luffy",2,"DJ",0,1552836092,"Smash N' Magic",2
"JoJo Rama",0,"Dottori",2,1552836176,"Smash N' Magic",2
"Magician",0,"Ace",2,1552836220,"Smash N' Magic",2
"Bach",1,"Ihmo",2,1552836262,"Smash N' Magic",2
"Decnop",0,"Naty",2,1552836313,"Smash N' Magic",2
"Bbrazils",1,"Vallcrist",2,1552836382,"Smash N' Magic",2
"Joaoarara",0,"Naval",2,1552836416,"Smash N' Magic",2
"S/Chance",0,"Haxwei",2,1552836874,"Smash N' Magic",2
"Afro",2,"ChaosPrime",0,1552836923,"Smash N' Magic",2
"Magician",0,"Ryvius",2,1552836966,"Smash N' Magic",2
"JoJo Rama",0,"Kira",2,1552836981,"Smash N' Magic",2
"Floko",2,"Gim",0,1552837162,"Smash N' Magic",2
"RevoS",2,"Maleson",0,1552837267,"Smash N' Magic",2
"IzZI127",0,"Ramon",2,1552837328,"Smash N' Magic",2
"Snek",0,"Simic",2,1552837467,"Smash N' Magic",2
"Naty",0,"Ozzy",2,1552837544,"Smash N' Magic",2
"Ace",2,"RndNess",0,1552837693,"Smash N' Magic",2
"Ultimate",2,"Inu",0,1552837764,"Smash N' Magic",2
"Roboto",2,"Vallcrist",0,1552837906,"Smash N' Magic",2
"Raphael Vieitas",0,"Ihmo",2,1552838090,"Smash N' Magic",2
"Dottori",0,"LUGIA",2,1552838143,"Smash N' Magic",2
"BeBop",2,"Polon",0,1552838175,"Smash N' Magic",2
"ChaosPrime",2,"Ryvius",0,1552838353,"Smash N' Magic",2
"Cyber Twilight",2,"LeoDT",0,1552838721,"Smash N' Magic",2
"Decnop",1,"Sandman",2,1552839282,"Smash N' Magic",2
"Vlory",0,"Fy",2,1552841451,"Smash N' Magic",2
"Joaoarara",2,"RoD",0,1552841706,"Smash N' Magic",2
"LeoDT",2,"Sandman",0,1552841944,"Smash N' Magic",2
"Alonso",2,"FritzThe2",0,1552842043,"Smash N' Magic",2
"Naty",2,"Mick",0,1552842172,"Smash N' Magic",2
"Pete",1,"Bach",2,1552842410,"Smash N' Magic",2
"Sky",2,"Ozzy",0,1552842745,"Smash N' Magic",2
"Gim",2,"ippo",0,1552842834,"Smash N' Magic",2
"Raphael Vieitas",0,"Considera",2,1552842904,"Smash N' Magic",2
"Inu",0,"Ramon",2,1552843153,"Smash N' Magic",2
"Snek",1,"Bbrazils",2,1552843272,"Smash N' Magic",2
"Polon",2,"Alonso",0,1552843373,"Smash N' Magic",2
"S/Chance",2,"Owlogy",0,1552843455,"Smash N' Magic",2
"Maleson",2,"Bach",0,1552843583,"Smash N' Magic",2
"Unexpected",0,"Drutar",2,1552843790,"Smash N' Magic",2
"Vallcrist",1,"Fy",2,1552843856,"Smash N' Magic",2
"Dottori",0,"FR7",2,1552844265,"Smash N' Magic",2
"DJ",2,"Kira",0,1552844347,"Smash N' Magic",2
"Joaoarara",1,"LeoDT",2,1552844365,"Smash N' Magic",2
"Naty",0,"Drutar",2,1552844434,"Smash N' Magic",2
"RndNess",1,"Arch",2,1552844593,"Smash N' Magic",2
"Cyber Twilight",2,"Naval",0,1552844668,"Smash N' Magic",2
"Afro",0,"LUGIA",2,1552845088,"Smash N' Magic",2
"Luffy",2,"Ace",0,1552845136,"Smash N' Magic",2
"FR7",1,"ChaosPrime",2,1552845359,"Smash N' Magic",2
"Ozzy",2,"LeoDT",0,1552845549,"Smash N' Magic",2
"RevoS",1,"Floko",2,1552845749,"Smash N' Magic",2
"BeBop",1,"Ihmo",2,1552845874,"Smash N' Magic",2
"Gim",0,"Maleson",2,1552846018,"Smash N' Magic",2
"Arch",1,"DJ",2,1552846128,"Smash N' Magic",2
"Roboto",2,"Haxwei",0,1552846419,"Smash N' Magic",2
"Ultimate",2,"Simic",0,1552846483,"Smash N' Magic",2
"Considera",1,"Polon",2,1552846508,"Smash N' Magic",2
"Afro",0,"DJ",2,1552846753,"Smash N' Magic",2
"S/Chance",2,"Fy",0,1552847159,"Smash N' Magic",2
"Bbrazils",1,"Ramon",2,1552847173,"Smash N' Magic",2
"Ace",1,"ChaosPrime",2,1552847397,"Smash N' Magic",2
"RevoS",2,"Polon",0,1552847504,"Smash N' Magic",2
"BeBop",1,"Maleson",2,1552847520,"Smash N' Magic",2
"Simic",0,"S/Chance",2,1552847894,"Smash N' Magic",2
"Naval",2,"Drutar",0,1552847925,"Smash N' Magic",2
"Haxwei",2,"Ramon",1,1552848324,"Smash N' Magic",2
"S/Chance",2,"Ozzy",0,1552851192,"Smash N' Magic",2
"Maleson",0,"ChaosPrime",2,1552851353,"Smash N' Magic",2
"DJ",0,"RevoS",2,1552851365,"Smash N' Magic",2
"Naval",2,"Haxwei",1,1552851943,"Smash N' Magic",2
"Sky",2,"Cyber Twilight",1,1552852102,"Smash N' Magic",2
"Floko",2,"Ihmo",0,1552852251,"Smash N' Magic",2
"Roboto",1,"Ultimate",2,1552852606,"Smash N' Magic",2
"Cyber Twilight",2,"ChaosPrime",0,1552852995,"Smash N' Magic",2
"Luffy",2,"LUGIA",1,1552853193,"Smash N' Magic",2
"Roboto",0,"RevoS",2,1552853358,"Smash N' Magic",2
"Ihmo",1,"Naval",2,1552853455,"Smash N' Magic",2
"LUGIA",2,"S/Chance",0,1552853900,"Smash N' Magic",2
"Luffy",3,"Floko",1,1552854676,"Smash N' Magic",3
"Sky",3,"Ultimate",1,1552854777,"Smash N' Magic",3
"Naval",0,"LUGIA",3,1552855172,"Smash N' Magic",3
"RevoS",3,"Cyber Twilight",0,1552855451,"Smash N' Magic",3
"Ultimate",2,"LUGIA",3,1552856806,"Smash N' Magic",3
"Floko",0,"RevoS",3,1552856960,"Smash N' Magic",3
"Sky",3,"Luffy",2,1552858247,"Smash N' Magic",3
"LUGIA",2,"RevoS",3,1552858697,"Smash N' Magic",3
"Luffy",2,"RevoS",3,1552860706,"Smash N' Magic",3
"Sky",3,"RevoS",0,1552862516,"Smash N' Magic",3
"FireEmblem",2,"FR7",0,1558276839,"Smash N' Magic - 2nd Edition",2
"Guizo",2,"Lily",0,1558277520,"Smash N' Magic - 2nd Edition",2
"Anal_utz",0,"Simic",2,1558277593,"Smash N' Magic - 2nd Edition",2
"Owlogy",0,"JBB",2,1558277764,"Smash N' Magic - 2nd Edition",2
"Pova",0,"Fy",2,1558277970,"Smash N' Magic - 2nd Edition",2
"Golfinho",0,"Maleson",2,1558278145,"Smash N' Magic - 2nd Edition",2
"Bbrazils",1,"Conker",2,1558278362,"Smash N' Magic - 2nd Edition",2
"Saiduke",2,"Caveira",0,1558278694,"Smash N' Magic - 2nd Edition",2
"Mick",0,"Wright",2,1558278851,"Smash N' Magic - 2nd Edition",2
"Luckstorm",0,"Haxwei",2,1558278912,"Smash N' Magic - 2nd Edition",2
"Oops",2,"Bach",0,1558279081,"Smash N' Magic - 2nd Edition",2
"Gim",2,"Ozzy",0,1558279469,"Smash N' Magic - 2nd Edition",2
"Maycky",2,"Ace",1,1558279670,"Smash N' Magic - 2nd Edition",2
"Naty",0,"Chino",2,1558279736,"Smash N' Magic - 2nd Edition",2
"S/Chance",2,"Alonso",0,1558279885,"Smash N' Magic - 2nd Edition",2
"Sully",0,"GUCCI",2,1558280179,"Smash N' Magic - 2nd Edition",2
"ChaosPrime",1,"mysterE",2,1558280190,"Smash N' Magic - 2nd Edition",2
"Luffy",2,"Morkez",0,1558280452,"Smash N' Magic - 2nd Edition",2
"Sky",2,"FireEmblem",0,1558280601,"Smash N' Magic - 2nd Edition",2
"RevoS",2,"Guizo",0,1558280624,"Smash N' Magic - 2nd Edition",2
"Polon",0,"Haxwei",2,1558280760,"Smash N' Magic - 2nd Edition",2
"Maleson",2,"Saiduke",0,1558280962,"Smash N' Magic - 2nd Edition",2
"Roboto",2,"Conker",0,1558280994,"Smash N' Magic - 2nd Edition",2
"Simic",2,"Gim",0,1558281130,"Smash N' Magic - 2nd Edition",2
"Ultimate",2,"Maycky",0,1558281413,"Smash N' Magic - 2nd Edition",2
"Floko",2,"Wright",0,1558281728,"Smash N' Magic - 2nd Edition",2
"BeBop",2,"Fy",0,1558281837,"Smash N' Magic - 2nd Edition",2
"Elias",2,"JBB",1,1558281912,"Smash N' Magic - 2nd Edition",2
"Djudjo",2,"S/Chance",0,1558282059,"Smash N' Magic - 2nd Edition",2
"Mimok",1,"mysterE",2,1558282127,"Smash N' Magic - 2nd Edition",2
"Afro",1,"Chino",2,1558282780,"Smash N' Magic - 2nd Edition",2
"João Lagoas",2,"GUCCI",0,1558282946,"Smash N' Magic - 2nd Edition",2
"Joaoarara",2,"Oops",0,1558282959,"Smash N' Magic - 2nd Edition",2
"Oops",2,"Raphael Vieitas",0,1558286499,"Smash N' Magic - 2nd Edition",2
"S/Chance",2,"Bbrazils",0,1558286556,"Smash N' Magic - 2nd Edition",2
"Polon",0,"Ace",2,1558286566,"Smash N' Magic - 2nd Edition",2
"GUCCI",2,"Lily",0,1558286784,"Smash N' Magic - 2nd Edition",2
"Afro",2,"FR7",0,1558286854,"Smash N' Magic - 2nd Edition",2
"Gim",2,"Pova",0,1558286890,"Smash N' Magic - 2nd Edition",2
"Wright",2,"Owlogy",0,1558287134,"Smash N' Magic - 2nd Edition",2
"Maycky",0,"Luckstorm",2,1558287155,"Smash N' Magic - 2nd Edition",2
"Golfinho",2,"Caveira",0,1558287230,"Smash N' Magic - 2nd Edition",2
"FireEmblem",0,"Naty",2,1558287851,"Smash N' Magic - 2nd Edition",2
"Conker",0,"Alonso",2,1558287949,"Smash N' Magic - 2nd Edition",2
"Saiduke",1,"ChaosPrime",2,1558287977,"Smash N' Magic - 2nd Edition",2
"Anal_utz",0,"Ozzy",2,1558288167,"Smash N' Magic - 2nd Edition",2
"Guizo",0,"Sully",2,1558288734,"Smash N' Magic - 2nd Edition",2
"Morkez",2,"Bach",0,1558288841,"Smash N' Magic - 2nd Edition",2
"Mimok",1,"Golfinho",2,1558288973,"Smash N' Magic - 2nd Edition",2
"JBB",2,"Mick",0,1558288996,"Smash N' Magic - 2nd Edition",2
"S/Chance",2,"Luckstorm",1,1558289172,"Smash N' Magic - 2nd Edition",2
"Fy",0,"Ozzy",2,1558289631,"Smash N' Magic - 2nd Edition",2
"Ace",2,"Alonso",0,1558289718,"Smash N' Magic - 2nd Edition",2
"JBB",2,"Morkez",1,1558289838,"Smash N' Magic - 2nd Edition",2
"Oops",1,"Wright",2,1558289849,"Smash N' Magic - 2nd Edition",2
"Sky",2,"Simic",0,1558290080,"Smash N' Magic - 2nd Edition",2
"BeBop",0,"Chino",2,1558290430,"Smash N' Magic - 2nd Edition",2
"RevoS",2,"Maleson",0,1558290479,"Smash N' Magic - 2nd Edition",2
"Floko",2,"Joaoarara",0,1558290733,"Smash N' Magic - 2nd Edition",2
"Luffy",2,"Elias",0,1558290844,"Smash N' Magic - 2nd Edition",2
"mysterE",1,"João Lagoas",2,1558291041,"Smash N' Magic - 2nd Edition",2
"Ultimate",2,"Djudjo",0,1558291258,"Smash N' Magic - 2nd Edition",2
"Elias",2,"Wright",0,1558291584,"Smash N' Magic - 2nd Edition",2
"Roboto",2,"Haxwei",1,1558291623,"Smash N' Magic - 2nd Edition",2
"GUCCI",0,"Golfinho",2,1558291657,"Smash N' Magic - 2nd Edition",2
"Gim",1,"Naty",2,1558292179,"Smash N' Magic - 2nd Edition",2
"Afro",2,"Ozzy",0,1558292384,"Smash N' Magic - 2nd Edition",2
"ChaosPrime",2,"Sully",0,1558292531,"Smash N' Magic - 2nd Edition",2
"Haxwei",0,"S/Chance",2,1558292752,"Smash N' Magic - 2nd Edition",2
"Joaoarara",0,"JBB",2,1558292877,"Smash N' Magic - 2nd Edition",2
"Djudjo",2,"Ace",1,1558293129,"Smash N' Magic - 2nd Edition",2
"Simic",1,"Afro",2,1558293505,"Smash N' Magic - 2nd Edition",2
"mysterE",0,"ChaosPrime",2,1558293590,"Smash N' Magic - 2nd Edition",2
"BeBop",2,"Naty",0,1558293717,"Smash N' Magic - 2nd Edition",2
"Maleson",1,"Golfinho",2,1558293767,"Smash N' Magic - 2nd Edition",2
"Roboto",0,"Ultimate",2,1558294746,"Smash N' Magic - 2nd Edition",2
"BeBop",0,"S/Chance",2,1558294811,"Smash N' Magic - 2nd Edition",2
"Djudjo",2,"Afro",1,1558295165,"Smash N' Magic - 2nd Edition",2
"JBB",0,"Golfinho",2,1558295226,"Smash N' Magic - 2nd Edition",2
"ChaosPrime",2,"Elias",1,1558295577,"Smash N' Magic - 2nd Edition",2
"Sky",2,"Chino",0,1558295797,"Smash N' Magic - 2nd Edition",2
"RevoS",2,"João Lagoas",0,1558295920,"Smash N' Magic - 2nd Edition",2
"Roboto",2,"ChaosPrime",0,1558296201,"Smash N' Magic - 2nd Edition",2
"Chino",2,"Golfinho",0,1558296472,"Smash N' Magic - 2nd Edition",2
"João Lagoas",2,"Djudjo",0,1558297060,"Smash N' Magic - 2nd Edition",2
"Sky",2,"Ultimate",3,1558297837,"Smash N' Magic - 2nd Edition",3
"RevoS",0,"Luffy",3,1558298253,"Smash N' Magic - 2nd Edition",3
"Ultimate",0,"Luffy",3,1558299086,"Smash N' Magic - 2nd Edition",3
"S/Chance",2,"João Lagoas",3,1558299160,"Smash N' Magic - 2nd Edition",3
"Roboto",3,"Chino",0,1558299250,"Smash N' Magic - 2nd Edition",3
"Sky",3,"João Lagoas",1,1558300226,"Smash N' Magic - 2nd Edition",3
"RevoS",3,"Roboto",1,1558300579,"Smash N' Magic - 2nd Edition",3
"Sky",0,"RevoS",3,1558301470,"Smash N' Magic - 2nd Edition",3
"Ultimate",2,"RevoS",3,1558302908,"Smash N' Magic - 2nd Edition",3
"Luffy",3,"RevoS",0,1558303801,"Smash N' Magic - 2nd Edition",3
"Elias",2,"HeadBenzi",0,1558802667,"Smash Season Fest: Falling Leaves",2
"Luckstorm",0,"Elias",2,1558803781,"Smash Season Fest: Falling Leaves",2
"Haxwei",2,"Sully",0,1558803934,"Smash Season Fest: Falling Leaves",2
"Maleson",2,"Rates",1,1558804085,"Smash Season Fest: Falling Leaves",2
"BeBop",2,"HeadBenzi",0,1558804836,"Smash Season Fest: Falling Leaves",2
"Flamon",0,"FR7",2,1558804994,"Smash Season Fest: Falling Leaves",2
"LUGIA",2,"Morkez",1,1558805458,"Smash Season Fest: Falling Leaves",2
"Alonso",1,"Ace",2,1558805490,"Smash Season Fest: Falling Leaves",2
"RoD",0,"Arch",2,1558805931,"Smash Season Fest: Falling Leaves",2
"Prime",2,"Mick",0,1558805965,"Smash Season Fest: Falling Leaves",2
"Ultimate",2,"Ozzy",0,1558806278,"Smash Season Fest: Falling Leaves",2
"Roboto",2,"Ihmo",1,1558806534,"Smash Season Fest: Falling Leaves",2
"Luffy",2,"Bach",0,1558806789,"Smash Season Fest: Falling Leaves",2
"Morkez",0,"Mick",2,1558806948,"Smash Season Fest: Falling Leaves",2
"Sabino",2,"Muju",1,1558807391,"Smash Season Fest: Falling Leaves",2
"Amortax",2,"DSK",0,1558807688,"Smash Season Fest: Falling Leaves",2
"LUGIA",2,"Prime",0,1558807734,"Smash Season Fest: Falling Leaves",2
"RevoS",2,"Naval",1,1558807937,"Smash Season Fest: Falling Leaves",2
"Luffy",2,"Haxwei",0,1558808156,"Smash Season Fest: Falling Leaves",2
"Bach",0,"Sully",2,1558808627,"Smash Season Fest: Falling Leaves",2
"DSK",1,"Rates",2,1558808976,"Smash Season Fest: Falling Leaves",2
"RoD",1,"Mick",2,1558809266,"Smash Season Fest: Falling Leaves",2
"Amortax",2,"Maleson",1,1558809362,"Smash Season Fest: Falling Leaves",2
"Prime",0,"Roboto",2,1558809471,"Smash Season Fest: Falling Leaves",2
"Luckstorm",0,"Naval",2,1558809881,"Smash Season Fest: Falling Leaves",2
"Maleson",2,"Sully",0,1558810265,"Smash Season Fest: Falling Leaves",2
"Haxwei",2,"Rates",0,1558810284,"Smash Season Fest: Falling Leaves",2
"RevoS",2,"S/Chance",1,1558810303,"Smash Season Fest: Falling Leaves",2
"Ozzy",0,"Alonso",2,1558810766,"Smash Season Fest: Falling Leaves",2
"S/Chance",2,"BeBop",0,1558810976,"Smash Season Fest: Falling Leaves",2
"Ultimate",2,"Ace",0,1558810993,"Smash Season Fest: Falling Leaves",2
"Muju",2,"Flamon",0,1558811194,"Smash Season Fest: Falling Leaves",2
"Sabino",2,"FR7",0,1558811531,"Smash Season Fest: Falling Leaves",2
"Arch",0,"LUGIA",2,1558811738,"Smash Season Fest: Falling Leaves",2
"Roboto",1,"Haxwei",2,1558811928,"Smash Season Fest: Falling Leaves",2
"Maleson",2,"Mick",0,1558812248,"Smash Season Fest: Falling Leaves",2
"Luffy",2,"Amortax",0,1558812350,"Smash Season Fest: Falling Leaves",2
"Ace",0,"Muju",2,1558812570,"Smash Season Fest: Falling Leaves",2
"RevoS",2,"Elias",0,1558813124,"Smash Season Fest: Falling Leaves",2
"FR7",2,"Alonso",1,1558813195,"Smash Season Fest: Falling Leaves",2
"Ultimate",1,"Sabino",2,1558813212,"Smash Season Fest: Falling Leaves",2
"FR7",0,"S/Chance",2,1558813925,"Smash Season Fest: Falling Leaves",2
"Naval",2,"Muju",1,1558813961,"Smash Season Fest: Falling Leaves",2
"Elias",0,"Maleson",2,1558814060,"Smash Season Fest: Falling Leaves",2
"Ultimate",2,"Haxwei",0,1558814147,"Smash Season Fest: Falling Leaves",2
"Arch",2,"S/Chance",0,1558814656,"Smash Season Fest: Falling Leaves",2
"Amortax",2,"Naval",1,1558815185,"Smash Season Fest: Falling Leaves",2
"Ultimate",3,"Maleson",1,1558816272,"Smash Season Fest: Falling Leaves",3
"RevoS",3,"Sabino",0,1558816394,"Smash Season Fest: Falling Leaves",3
"Amortax",3,"Arch",0,1558816452,"Smash Season Fest: Falling Leaves",3
"LUGIA",0,"Luffy",3,1558816613,"Smash Season Fest: Falling Leaves",3
"LUGIA",1,"Ultimate",3,1558817661,"Smash Season Fest: Falling Leaves",3
"Sabino",3,"Amortax",1,1558817998,"Smash Season Fest: Falling Leaves",3
"RevoS",0,"Luffy",3,1558819213,"Smash Season Fest: Falling Leaves",3
"Sabino",1,"Ultimate",3,1558820308,"Smash Season Fest: Falling Leaves",3
"RevoS",2,"Ultimate",3,1558822008,"Smash Season Fest: Falling Leaves",3
"Luffy",3,"Ultimate",1,1558870613,"Smash Season Fest: Falling Leaves",3
"Magician",2,"kiNg",0,1561300590,"Twilight's Awakening",2
"Chino",2,"Gim",0,1561300622,"Twilight's Awakening",2
"RoD",2,"D4C",0,1561300665,"Twilight's Awakening",2
"Fy",2,"GUCCI",1,1561300926,"Twilight's Awakening",2
"FR7",0,"Anubis570",2,1561301653,"Twilight's Awakening",2
"ChaosPrime",0,"Arch",2,1561301909,"Twilight's Awakening",2
"Haxwei",2,"JBB",0,1561301973,"Twilight's Awakening",2
"Strig",0,"Miguelindo",2,1561302108,"Twilight's Awakening",2
"S/Chance",2,"mysterE",0,1561302493,"Twilight's Awakening",2
"FireEmblem",2,"Afro",0,1561302544,"Twilight's Awakening",2
"RevoS",2,"Ozzy",0,1561302940,"Twilight's Awakening",2
"Vyse",1,"Mimok",2,1561303200,"Twilight's Awakening",2
"Joaoarara",0,"Sosser",2,1561303406,"Twilight's Awakening",2
"ThiFesta",0,"Miguelindo",2,1561303546,"Twilight's Awakening",2
"Mick",2,"LonLon",0,1561303756,"Twilight's Awakening",2
"Maleson",2,"Anubis570",0,1561303870,"Twilight's Awakening",2
"Amortax",2,"Considera",0,1561304094,"Twilight's Awakening",2
"Luffy",2,"Fy",0,1561304231,"Twilight's Awakening",2
"LUGIA",2,"RoD",0,1561304463,"Twilight's Awakening",2
"Sky",2,"Magician",0,1561304719,"Twilight's Awakening",2
"Ultimate",2,"Chino",1,1561305169,"Twilight's Awakening",2
"mysterE",2,"D4C",0,1561308954,"Twilight's Awakening",2
"ChaosPrime",2,"GUCCI",0,1561309088,"Twilight's Awakening",2
"LonLon",0,"Gim",2,1561309201,"Twilight's Awakening",2
"Vyse",2,"Anubis570",0,1561309485,"Twilight's Awakening",2
"Ultimate",2,"Sosser",1,1561309774,"Twilight's Awakening",2
"kiNg",0,"RoD",2,1561309822,"Twilight's Awakening",2
"ChaosPrime",2,"Considera",1,1561310156,"Twilight's Awakening",2
"Joaoarara",2,"Strig",0,1561310269,"Twilight's Awakening",2
"mysterE",2,"Magician",0,1561310448,"Twilight's Awakening",2
"JBB",2,"Fy",1,1561310469,"Twilight's Awakening",2
"Sky",2,"S/Chance",0,1561310515,"Twilight's Awakening",2
"Amortax",2,"Arch",0,1561311173,"Twilight's Awakening",2
"LUGIA",2,"Ihmo",0,1561311202,"Twilight's Awakening",2
"Gim",2,"ThiFesta",0,1561311250,"Twilight's Awakening",2
"Luffy",2,"Haxwei",1,1561311449,"Twilight's Awakening",2
"Maleson",0,"Mimok",2,1561311532,"Twilight's Awakening",2
"Miguelindo",0,"Mick",2,1561312390,"Twilight's Awakening",2
"Afro",2,"FR7",0,1561312514,"Twilight's Awakening",2
"S/Chance",2,"RoD",0,1561312540,"Twilight's Awakening",2
"Joaoarara",1,"Chino",2,1561312667,"Twilight's Awakening",2
"RevoS",2,"FireEmblem",0,1561312838,"Twilight's Awakening",2
"Ihmo",1,"mysterE",2,1561312882,"Twilight's Awakening",2
"Arch",0,"JBB",2,1561313163,"Twilight's Awakening",2
"Haxwei",2,"ChaosPrime",0,1561313185,"Twilight's Awakening",2
"Sosser",2,"Gim",0,1561313244,"Twilight's Awakening",2
"Afro",2,"Ozzy",1,1561313941,"Twilight's Awakening",2
"Miguelindo",0,"Chino",2,1561314005,"Twilight's Awakening",2
"FireEmblem",1,"Vyse",2,1561314124,"Twilight's Awakening",2
"Maleson",1,"Afro",2,1561314570,"Twilight's Awakening",2
"Sky",0,"LUGIA",2,1561315464,"Twilight's Awakening",2
"JBB",0,"Sosser",2,1561315481,"Twilight's Awakening",2
"Chino",0,"Haxwei",2,1561315558,"Twilight's Awakening",2
"RevoS",2,"Mimok",0,1561315766,"Twilight's Awakening",2
"mysterE",2,"Vyse",1,1561315906,"Twilight's Awakening",2
"Afro",2,"S/Chance",1,1561316232,"Twilight's Awakening",2
"Ultimate",2,"Mick",0,1561316516,"Twilight's Awakening",2
"Sky",2,"Haxwei",0,1561316552,"Twilight's Awakening",2
"Mimok",0,"Sosser",2,1561316706,"Twilight's Awakening",2
"Luffy",2,"Amortax",1,1561316766,"Twilight's Awakening",2
"Mick",0,"mysterE",2,1561317539,"Twilight's Awakening",2
"Sosser",3,"Sky",0,1561317633,"Twilight's Awakening",3
"Amortax",2,"Afro",0,1561317867,"Twilight's Awakening",2
"LUGIA",3,"RevoS",2,1561318302,"Twilight's Awakening",3
"Luffy",3,"Ultimate",1,1561319544,"Twilight's Awakening",3
"mysterE",2,"Amortax",3,1561319662,"Twilight's Awakening",3
"Ultimate",0,"Sosser",3,1561321097,"Twilight's Awakening",3
"RevoS",3,"Amortax",0,1561323862,"Twilight's Awakening",3
"Luffy",3,"LUGIA",1,1561324605,"Twilight's Awakening",3
"Sosser",1,"RevoS",3,1561325636,"Twilight's Awakening",3
"LUGIA",1,"RevoS",3,1561326857,"Twilight's Awakening",3
"Luffy",3,"RevoS",0,1561328457,"Twilight's Awakening",3
"Chaud",2,"Nenfz",0,1563027385,"Fight in Rio for the Future",2
"Ultimate",2,"Ozzy",0,1563027436,"Fight in Rio for the Future",2
"mysterE",2,"23",0,1563027746,"Fight in Rio for the Future",2
"Afro",0,"Joaoarara",2,1563027781,"Fight in Rio for the Future",2
"Ace",1,"Chino",2,1563027801,"Fight in Rio for the Future",2
"Maleson",2,"BeBop",1,1563027833,"Fight in Rio for the Future",2
"Amortax",2,"Considera",0,1563028009,"Fight in Rio for the Future",2
"Sully",2,"diguetake",1,1563028230,"Fight in Rio for the Future",2
"Jayache",2,"Ferrantini",0,1563028577,"Fight in Rio for the Future",2
"Strig",1,"Anubis570",2,1563028618,"Fight in Rio for the Future",2
"S/Chance",2,"Swiss",0,1563028901,"Fight in Rio for the Future",2
"Nyer",1,"Proliel",2,1563029032,"Fight in Rio for the Future",2
"Janjão",2,"Gim",0,1563029127,"Fight in Rio for the Future",2
"Mick",2,"Leow",0,1563029152,"Fight in Rio for the Future",2
"Guizo",0,"RitsuoFox",2,1563029204,"Fight in Rio for the Future",2
"Sabino",2,"FR7",0,1563029401,"Fight in Rio for the Future",2
"Jaycee",2,"Lucky Luciano",0,1563029827,"Fight in Rio for the Future",2
"Naty",2,"Miguelindo",0,1563029897,"Fight in Rio for the Future",2
"Sky",2,"Lucas Portes",0,1563029930,"Fight in Rio for the Future",2
"Roboto",2,"Rhunii",0,1563030001,"Fight in Rio for the Future",2
"Inu",2,"Magician",0,1563030087,"Fight in Rio for the Future",2
"Vyse",0,"FireEmblem",2,1563030339,"Fight in Rio for the Future",2
"LukeThomaz",0,"Alunir",2,1563030635,"Fight in Rio for the Future",2
"Ozzy",2,"Leow",0,1563030666,"Fight in Rio for the Future",2
"Ihmo",0,"Mimok",2,1563030932,"Fight in Rio for the Future",2
"mysterE",2,"Tuca",0,1563031008,"Fight in Rio for the Future",2
"FR7",2,"Strig",0,1563031166,"Fight in Rio for the Future",2
"Floko",2,"Elias",0,1563031221,"Fight in Rio for the Future",2
"BeBop",2,"Nyer",1,1563031355,"Fight in Rio for the Future",2
"Lucky Luciano",1,"Guizo",2,1563031666,"Fight in Rio for the Future",2
"Joaoarara",2,"Stiltzkin",0,1563031774,"Fight in Rio for the Future",2
"Nenfz",2,"Ferrantini",1,1563031798,"Fight in Rio for the Future",2
"Chaud",2,"Jayache",0,1563031913,"Fight in Rio for the Future",2
"Gim",2,"Miguelindo",0,1563032027,"Fight in Rio for the Future",2
"Maleson",1,"Proliel",2,1563032222,"Fight in Rio for the Future",2
"S/Chance",1,"FireEmblem",2,1563032249,"Fight in Rio for the Future",2
"Player 7",2,"Chino",0,1563032339,"Fight in Rio for the Future",2
"Swiss",0,"Vyse",2,1563032566,"Fight in Rio for the Future",2
"Janjão",2,"Naty",0,1563032656,"Fight in Rio for the Future",2
"Elias",2,"diguetake",0,1563032757,"Fight in Rio for the Future",2
"Roboto",2,"Alunir",0,1563032853,"Fight in Rio for the Future",2
"Amortax",2,"Mimok",0,1563032867,"Fight in Rio for the Future",2
"Lucas Portes",2,"Magician",0,1563033099,"Fight in Rio for the Future",2
"Considera",1,"Ihmo",2,1563033160,"Fight in Rio for the Future",2
"Ultimate",2,"Mick",0,1563033189,"Fight in Rio for the Future",2
"Snek",2,"Bayo",0,1563033596,"Fight in Rio for the Future",2
"Sabino",2,"Anubis570",0,1563033894,"Fight in Rio for the Future",2
"Rhunii",2,"LukeThomaz",0,1563033922,"Fight in Rio for the Future",2
"Floko",2,"Sully",0,1563034038,"Fight in Rio for the Future",2
"Alunir",0,"Ace",2,1563034253,"Fight in Rio for the Future",2
"Tuca",2,"Guizo",0,1563034312,"Fight in Rio for the Future",2
"Bayo",0,"Afro",2,1563034321,"Fight in Rio for the Future",2
"Sky",2,"Inu",1,1563034348,"Fight in Rio for the Future",2
"Jaycee",2,"RitsuoFox",0,1563034528,"Fight in Rio for the Future",2
"S/Chance",2,"Lucas Portes",0,1563034877,"Fight in Rio for the Future",2
"Anubis570",1,"Nenfz",2,1563035217,"Fight in Rio for the Future",2
"Luffy",2,"GUCCI",1,1563035285,"Fight in Rio for the Future",2
"Sully",0,"BeBop",2,1563035305,"Fight in Rio for the Future",2
"Mimok",2,"Ozzy",0,1563035364,"Fight in Rio for the Future",2
"Mick",0,"Ihmo",2,1563035600,"Fight in Rio for the Future",2
"Maleson",0,"Elias",2,1563035763,"Fight in Rio for the Future",2
"GUCCI",2,"Gim",0,1563036036,"Fight in Rio for the Future",2
"Jayache",1,"FR7",2,1563036153,"Fight in Rio for the Future",2
"Inu",0,"Vyse",2,1563036230,"Fight in Rio for the Future",2
"RitsuoFox",2,"23",0,1563036265,"Fight in Rio for the Future",2
"Chino",2,"Rhunii",1,1563036397,"Fight in Rio for the Future",2
"Ultimate",2,"FireEmblem",0,1563040310,"Fight in Rio for the Future",2
"Floko",0,"Janjão",2,1563040394,"Fight in Rio for the Future",2
"Ace",2,"Nenfz",0,1563040533,"Fight in Rio for the Future",2
"Naty",1,"BeBop",2,1563040643,"Fight in Rio for the Future",2
"Mimok",2,"Vyse",1,1563041031,"Fight in Rio for the Future",2
"Jaycee",2,"Joaoarara",0,1563041151,"Fight in Rio for the Future",2
"Sabino",0,"Roboto",2,1563041478,"Fight in Rio for the Future",2
"Tuca",2,"Afro",0,1563041812,"Fight in Rio for the Future",2
"Player 7",2,"Chaud",0,1563041872,"Fight in Rio for the Future",2
"Snek",0,"mysterE",2,1563042113,"Fight in Rio for the Future",2
"S/Chance",1,"Ihmo",2,1563042531,"Fight in Rio for the Future",2
"FR7",0,"Chino",2,1563042560,"Fight in Rio for the Future",2
"Luffy",2,"Proliel",0,1563042739,"Fight in Rio for the Future",2
"Elias",2,"GUCCI",1,1563042758,"Fight in Rio for the Future",2
"Chaud",2,"Ace",0,1563043339,"Fight in Rio for the Future",2
"Stiltzkin",0,"RitsuoFox",2,1563043392,"Fight in Rio for the Future",2
"Proliel",2,"BeBop",0,1563043674,"Fight in Rio for the Future",2
"FireEmblem",0,"Mimok",2,1563043750,"Fight in Rio for the Future",2
"Sky",2,"Amortax",0,1563043762,"Fight in Rio for the Future",2
"Snek",0,"RitsuoFox",2,1563044121,"Fight in Rio for the Future",2
"Joaoarara",2,"Tuca",1,1563044340,"Fight in Rio for the Future",2
"Sabino",2,"Chino",0,1563044441,"Fight in Rio for the Future",2
"Player 7",2,"Roboto",0,1563044528,"Fight in Rio for the Future",2
"Amortax",0,"Ihmo",2,1563044906,"Fight in Rio for the Future",2
"Jaycee",0,"mysterE",2,1563045362,"Fight in Rio for the Future",2
"Floko",0,"Elias",2,1563045578,"Fight in Rio for the Future",2
"Ultimate",0,"Sky",2,1563046107,"Fight in Rio for the Future",2
"Luffy",2,"Janjão",0,1563047110,"Fight in Rio for the Future",2
"Joaoarara",0,"RitsuoFox",2,1563047901,"Fight in Rio for the Future",2
"Mimok",2,"Ihmo",1,1563049306,"Fight in Rio for the Future",2
"Proliel",1,"Elias",2,1563050557,"Fight in Rio for the Future",2
"Chaud",2,"Sabino",0,1563051208,"Fight in Rio for the Future",2
"Jaycee",0,"RitsuoFox",2,1563052164,"Fight in Rio for the Future",2
"Janjão",2,"Elias",1,1563053475,"Fight in Rio for the Future",2
"Ultimate",0,"Mimok",2,1563054486,"Fight in Rio for the Future",2
"Roboto",2,"Chaud",0,1563055138,"Fight in Rio for the Future",2
"Luffy",3,"mysterE",0,1563109522,"Fight in Rio for the Future",3
"Player 7",3,"Sky",0,1563110229,"Fight in Rio for the Future",3
"Janjão",1,"RitsuoFox",3,1563112064,"Fight in Rio for the Future",3
"Roboto",2,"Mimok",3,1563114070,"Fight in Rio for the Future",3
"Sky",3,"RitsuoFox",2,1563115944,"Fight in Rio for the Future",3
"mysterE",2,"Mimok",3,1563117810,"Fight in Rio for the Future",3
"Sky",3,"Mimok",0,1563120470,"Fight in Rio for the Future",3
"Luffy",3,"Player 7",1,1563120556,"Fight in Rio for the Future",3
"Player 7",3,"Sky",1,1563121662,"Fight in Rio for the Future",3
"Luffy",2,"Player 7",3,1563123599,"Fight in Rio for the Future",3
"Player 7",1,"Luffy",3,1563124476,"Fight in Rio for the Future",3
"Strig",0,"Joaoarara",2,1563718435,"Smash N' Magic - 3rd Edition",2
"Maleson",0,"BeBop",2,1563718520,"Smash N' Magic - 3rd Edition",2
"Morkez",2,"Gim",1,1563718682,"Smash N' Magic - 3rd Edition",2
"test",2,"P.Vicious",1,1563718931,"Smash N' Magic - 3rd Edition",2
"Mick",0,"Rhunii",2,1563719336,"Smash N' Magic - 3rd Edition",2
"Guizo",2,"DSK",0,1563719380,"Smash N' Magic - 3rd Edition",2
"Roc~",2,"Samurai do Lamen",0,1563719433,"Smash N' Magic - 3rd Edition",2
"ChaosPrime",2,"Lou",0,1563719572,"Smash N' Magic - 3rd Edition",2
"Fy",2,"Crisiru07",0,1563720220,"Smash N' Magic - 3rd Edition",2
"Ozzy",2,"Taunt",0,1563720458,"Smash N' Magic - 3rd Edition",2
"Alonso",1,"FireEmblem",2,1563720644,"Smash N' Magic - 3rd Edition",2
"LCS",2,"Jao",1,1563720773,"Smash N' Magic - 3rd Edition",2
"Conker",0,"Ren",2,1563721204,"Smash N' Magic - 3rd Edition",2
"Snek",0,"Ace",2,1563721274,"Smash N' Magic - 3rd Edition",2
"GUCCI",1,"Afro",2,1563721601,"Smash N' Magic - 3rd Edition",2
"RevoS",2,"Guizo",0,1563721877,"Smash N' Magic - 3rd Edition",2
"Sky",2,"Morkez",0,1563722044,"Smash N' Magic - 3rd Edition",2
"Ultimate",2,"Joaoarara",1,1563722268,"Smash N' Magic - 3rd Edition",2
"DJ",2,"Cyber Twilight",0,1563722549,"Smash N' Magic - 3rd Edition",2
"Roc~",2,"Professor",0,1563723021,"Smash N' Magic - 3rd Edition",2
"Rhunii",0,"Chino",2,1563723066,"Smash N' Magic - 3rd Edition",2
"BeBop",2,"Vyse",1,1563723113,"Smash N' Magic - 3rd Edition",2
"Luckstorm",2,"FR7",0,1563723365,"Smash N' Magic - 3rd Edition",2
"mysterE",2,"LCS",0,1563723665,"Smash N' Magic - 3rd Edition",2
"S/Chance",2,"Ren",0,1563723758,"Smash N' Magic - 3rd Edition",2
"Roboto",2,"FireEmblem",0,1563723902,"Smash N' Magic - 3rd Edition",2
"Mimok",2,"ChaosPrime",0,1563724350,"Smash N' Magic - 3rd Edition",2
"Haxwei",2,"Fy",0,1563724656,"Smash N' Magic - 3rd Edition",2
"Sabino",2,"Ace",0,1563724793,"Smash N' Magic - 3rd Edition",2
"test",0,"Ozzy",2,1563725047,"Smash N' Magic - 3rd Edition",2
"Talberon",0,"Afro",2,1563728433,"Smash N' Magic - 3rd Edition",2
"FireEmblem",2,"Strig",0,1563729276,"Smash N' Magic - 3rd Edition",2
"Talberon",0,"Gim",2,1563729365,"Smash N' Magic - 3rd Edition",2
"Fy",2,"DSK",0,1563729503,"Smash N' Magic - 3rd Edition",2
"Guizo",2,"Crisiru07",0,1563730108,"Smash N' Magic - 3rd Edition",2
"LCS",2,"Samurai do Lamen",0,1563730139,"Smash N' Magic - 3rd Edition",2
"P.Vicious",2,"Taunt",1,1563730366,"Smash N' Magic - 3rd Edition",2
"Rhunii",2,"Sully",0,1563730408,"Smash N' Magic - 3rd Edition",2
"Ren",0,"Maleson",2,1563731034,"Smash N' Magic - 3rd Edition",2
"Professor",2,"Jao",1,1563731075,"Smash N' Magic - 3rd Edition",2
"Vyse",2,"Conker",0,1563731463,"Smash N' Magic - 3rd Edition",2
"Joaoarara",2,"Alonso",0,1563731673,"Smash N' Magic - 3rd Edition",2
"DJ",2,"Luckstorm",0,1563731888,"Smash N' Magic - 3rd Edition",2
"Morkez",2,"GUCCI",0,1563731924,"Smash N' Magic - 3rd Edition",2
"test",2,"Snek",1,1563732164,"Smash N' Magic - 3rd Edition",2
"RevoS",2,"BeBop",0,1563732425,"Smash N' Magic - 3rd Edition",2
"Sky",2,"Roc~",0,1563732439,"Smash N' Magic - 3rd Edition",2
"Cyber Twilight",2,"FR7",0,1563732659,"Smash N' Magic - 3rd Edition",2
"Luckstorm",2,"Lou",0,1563732857,"Smash N' Magic - 3rd Edition",2
"S/Chance",0,"Haxwei",2,1563733115,"Smash N' Magic - 3rd Edition",2
"mysterE",2,"Afro",1,1563733294,"Smash N' Magic - 3rd Edition",2
"FireEmblem",2,"Mick",1,1563733481,"Smash N' Magic - 3rd Edition",2
"Ace",2,"P.Vicious",0,1563733628,"Smash N' Magic - 3rd Edition",2
"Fy",0,"Maleson",2,1563733773,"Smash N' Magic - 3rd Edition",2
"Gim",2,"LCS",1,1563734196,"Smash N' Magic - 3rd Edition",2
"Rhunii",0,"Joaoarara",2,1563734346,"Smash N' Magic - 3rd Edition",2
"Vyse",2,"Guizo",1,1563734732,"Smash N' Magic - 3rd Edition",2
"Mimok",2,"Ozzy",1,1563734939,"Smash N' Magic - 3rd Edition",2
"Ultimate",2,"Chino",0,1563735042,"Smash N' Magic - 3rd Edition",2
"BeBop",2,"Maleson",0,1563735419,"Smash N' Magic - 3rd Edition",2
"Arch",0,"Roboto",2,1563735862,"Smash N' Magic - 3rd Edition",2
"S/Chance",2,"Vyse",0,1563735916,"Smash N' Magic - 3rd Edition",2
"Roc~",2,"Gim",1,1563735959,"Smash N' Magic - 3rd Edition",2
"Professor",0,"Morkez",2,1563735999,"Smash N' Magic - 3rd Edition",2
"ChaosPrime",0,"Cyber Twilight",2,1563736295,"Smash N' Magic - 3rd Edition",2
"Chino",1,"FireEmblem",2,1563736811,"Smash N' Magic - 3rd Edition",2
"Afro",2,"Morkez",1,1563736891,"Smash N' Magic - 3rd Edition",2
"Luckstorm",2,"Ace",0,1563737131,"Smash N' Magic - 3rd Edition",2
"Sabino",0,"DJ",2,1563737185,"Smash N' Magic - 3rd Edition",2
"Arch",0,"Joaoarara",2,1563737553,"Smash N' Magic - 3rd Edition",2
"Ozzy",2,"Luckstorm",0,1563737583,"Smash N' Magic - 3rd Edition",2
"Sabino",2,"Cyber Twilight",0,1563738167,"Smash N' Magic - 3rd Edition",2
"S/Chance",2,"Ozzy",0,1563739196,"Smash N' Magic - 3rd Edition",2
"Sabino",2,"BeBop",0,1563739352,"Smash N' Magic - 3rd Edition",2
"Afro",2,"FireEmblem",0,1563739363,"Smash N' Magic - 3rd Edition",2
"RevoS",2,"Haxwei",0,1563740178,"Smash N' Magic - 3rd Edition",2
"Mimok",2,"DJ",0,1563740297,"Smash N' Magic - 3rd Edition",2
"Joaoarara",2,"Roc~",1,1563740446,"Smash N' Magic - 3rd Edition",2
"DJ",2,"Afro",0,1563741194,"Smash N' Magic - 3rd Edition",2
"Sky",1,"mysterE",2,1563741211,"Smash N' Magic - 3rd Edition",2
"Ultimate",1,"Roboto",2,1563741340,"Smash N' Magic - 3rd Edition",2
"Sky",2,"Sabino",1,1563742147,"Smash N' Magic - 3rd Edition",2
"Ultimate",2,"S/Chance",1,1563742230,"Smash N' Magic - 3rd Edition",2
"Haxwei",0,"Joaoarara",2,1563742259,"Smash N' Magic - 3rd Edition",2
"mysterE",1,"Roboto",3,1563743514,"Smash N' Magic - 3rd Edition",3
"DJ",0,"Joaoarara",3,1563743689,"Smash N' Magic - 3rd Edition",3
"RevoS",2,"Mimok",3,1563744008,"Smash N' Magic - 3rd Edition",3
"Ultimate",2,"Sky",3,1563744881,"Smash N' Magic - 3rd Edition",3
"Mimok",0,"Roboto",3,1563745214,"Smash N' Magic - 3rd Edition",3
"mysterE",2,"Joaoarara",3,1563745573,"Smash N' Magic - 3rd Edition",3
"RevoS",3,"Sky",1,1563746276,"Smash N' Magic - 3rd Edition",3
"RevoS",3,"Joaoarara",1,1563747552,"Smash N' Magic - 3rd Edition",3
"Mimok",3,"RevoS",2,1563749204,"Smash N' Magic - 3rd Edition",3
"Roboto",2,"Mimok",3,1563750838,"Smash N' Magic - 3rd Edition",3
"Mimok",3,"Roboto",1,1563751957,"Smash N' Magic - 3rd Edition",3
"Afro",2,"Gim",0,1566141041,"Battle Of Hyrule",2
"Magician",0,"Naty",2,1566142099,"Battle Of Hyrule",2
"BeBop",2,"Najjar",0,1566142252,"Battle Of Hyrule",2
"S/Chance",2,"ChaosPrime",1,1566142391,"Battle Of Hyrule",2
"Considera",2,"Leow",0,1566142946,"Battle Of Hyrule",2
"Luckstorm",0,"Sabino",2,1566143082,"Battle Of Hyrule",2
"Maleson",2,"Morkez",0,1566143413,"Battle Of Hyrule",2
"Ultimate",2,"Mini Vegeta",0,1566143628,"Battle Of Hyrule",2
"Ace",2,"Ren",0,1566143743,"Battle Of Hyrule",2
"Ozzy",0,"JBB",2,1566144934,"Battle Of Hyrule",2
"Arch",2,"Dypherius",1,1566144983,"Battle Of Hyrule",2
"FR7",2,"LonLon",0,1566145030,"Battle Of Hyrule",2
"Strig",1,"LCS",2,1566148577,"Battle Of Hyrule",2
"Considera",0,"Afro",2,1566148693,"Battle Of Hyrule",2
"Alonso",2,"Sully",0,1566148767,"Battle Of Hyrule",2
"LA FLAMME",0,"FireEmblem",2,1566148793,"Battle Of Hyrule",2
"Leow",0,"Gim",2,1566149184,"Battle Of Hyrule",2
"Lou",0,"Haxwei",2,1566149252,"Battle Of Hyrule",2
"Wright",0,"Fy",2,1566149637,"Battle Of Hyrule",2
"Joaoarara",2,"JBB",0,1566150043,"Battle Of Hyrule",2
"Considera",0,"ChaosPrime",2,1566150097,"Battle Of Hyrule",2
"Polon",1,"Mick",2,1566150162,"Battle Of Hyrule",2
"Chadin",1,"DSK",2,1566150204,"Battle Of Hyrule",2
"Mini Vegeta",0,"Magician",2,1566150235,"Battle Of Hyrule",2
"Morkez",2,"Sully",0,1566151112,"Battle Of Hyrule",2
"Floko",2,"Arch",0,1566151207,"Battle Of Hyrule",2
"Wright",1,"Polon",2,1566151345,"Battle Of Hyrule",2
"Sosser",2,"BeBop",1,1566151526,"Battle Of Hyrule",2
"Ihmo",2,"Nenfz",1,1566151566,"Battle Of Hyrule",2
"mysterE",2,"S/Chance",0,1566151845,"Battle Of Hyrule",2
"Chadin",2,"LonLon",0,1566151898,"Battle Of Hyrule",2
"DSK",2,"FR7",0,1566152237,"Battle Of Hyrule",2
"GUCCI",0,"Vyse",2,1566152317,"Battle Of Hyrule",2
"S/Chance",2,"Gim",0,1566152358,"Battle Of Hyrule",2
"Amortax",2,"Anubis570",0,1566152591,"Battle Of Hyrule",2
"mysterE",2,"DSK",0,1566153156,"Battle Of Hyrule",2
"Arch",2,"Morkez",1,1566153730,"Battle Of Hyrule",2
"BeBop",2,"Magician",0,1566153841,"Battle Of Hyrule",2
"Sky",2,"Steel",0,1566153871,"Battle Of Hyrule",2
"Amortax",2,"FireEmblem",1,1566153885,"Battle Of Hyrule",2
"Maleson",2,"Alonso",0,1566153891,"Battle Of Hyrule",2
"Ace",0,"Ihmo",2,1566154252,"Battle Of Hyrule",2
"RevoS",2,"LCS",0,1566154276,"Battle Of Hyrule",2
"Roc~",2,"Chino",0,1566154423,"Battle Of Hyrule",2
"Ultimate",2,"Naty",0,1566154444,"Battle Of Hyrule",2
"Sky",2,"Maleson",0,1566154623,"Battle Of Hyrule",2
"Alonso",2,"Dypherius",0,1566154634,"Battle Of Hyrule",2
"Fy",2,"Mick",0,1566154889,"Battle Of Hyrule",2
"Anubis570",2,"LA FLAMME",0,1566155298,"Battle Of Hyrule",2
"Naty",2,"Najjar",0,1566155543,"Battle Of Hyrule",2
"Luckstorm",0,"Chino",2,1566155565,"Battle Of Hyrule",2
"Ren",0,"Nenfz",2,1566155649,"Battle Of Hyrule",2
"Ace",2,"Ozzy",0,1566155747,"Battle Of Hyrule",2
"FireEmblem",2,"GUCCI",0,1566156260,"Battle Of Hyrule",2
"Floko",2,"Fy",0,1566156295,"Battle Of Hyrule",2
"Steel",0,"Polon",2,1566156330,"Battle Of Hyrule",2
"Luffy",2,"Vyse",0,1566156610,"Battle Of Hyrule",2
"FR7",2,"Strig",0,1566156925,"Battle Of Hyrule",2
"JBB",0,"Nenfz",2,1566156943,"Battle Of Hyrule",2
"Alonso",2,"Polon",0,1566157050,"Battle Of Hyrule",2
"LCS",1,"Chadin",2,1566157361,"Battle Of Hyrule",2
"Joaoarara",2,"Amortax",1,1566157495,"Battle Of Hyrule",2
"Sabino",2,"Roc~",1,1566157598,"Battle Of Hyrule",2
"ChaosPrime",2,"Chadin",0,1566158301,"Battle Of Hyrule",2
"RevoS",2,"Afro",0,1566158325,"Battle Of Hyrule",2
"Mick",0,"Arch",2,1566158439,"Battle Of Hyrule",2
"Fy",0,"Alonso",2,1566158474,"Battle Of Hyrule",2
"Vyse",2,"Anubis570",0,1566158549,"Battle Of Hyrule",2
"Sosser",2,"Sabino",0,1566158595,"Battle Of Hyrule",2
"Luffy",2,"Ihmo",1,1566158674,"Battle Of Hyrule",2
"FR7",0,"S/Chance",2,1566158854,"Battle Of Hyrule",2
"LUGIA",2,"Haxwei",1,1566158900,"Battle Of Hyrule",2
"Maleson",2,"Arch",0,1566159082,"Battle Of Hyrule",2
"FireEmblem",1,"Nenfz",2,1566159292,"Battle Of Hyrule",2
"Afro",2,"S/Chance",0,1566159375,"Battle Of Hyrule",2
"LUGIA",2,"Ultimate",0,1566159462,"Battle Of Hyrule",2
"Roc~",2,"Lou",1,1566159569,"Battle Of Hyrule",2
"Ace",0,"Vyse",2,1566159589,"Battle Of Hyrule",2
"DSK",0,"ChaosPrime",2,1566159709,"Battle Of Hyrule",2
"Ihmo",2,"Nenfz",0,1566159989,"Battle Of Hyrule",2
"Haxwei",2,"Chino",1,1566160224,"Battle Of Hyrule",2
"Roc~",0,"BeBop",2,1566160278,"Battle Of Hyrule",2
"Naty",0,"Haxwei",2,1566161169,"Battle Of Hyrule",2
"Ultimate",0,"BeBop",2,1566165376,"Battle Of Hyrule",2
"Sabino",2,"Haxwei",0,1566165795,"Battle Of Hyrule",2
"ChaosPrime",0,"BeBop",2,1566166310,"Battle Of Hyrule",2
"Sky",2,"Floko",0,1566166972,"Battle Of Hyrule",2
"Vyse",1,"Maleson",2,1566167408,"Battle Of Hyrule",2
"Floko",1,"BeBop",2,1566167932,"Battle Of Hyrule",2
"Sabino",2,"Afro",1,1566168284,"Battle Of Hyrule",2
"RevoS",2,"mysterE",0,1566168762,"Battle Of Hyrule",2
"Luffy",2,"Joaoarara",0,1566168827,"Battle Of Hyrule",2
"mysterE",1,"Ihmo",2,1566169775,"Battle Of Hyrule",2
"Joaoarara",0,"Sabino",2,1566169796,"Battle Of Hyrule",2
"LUGIA",2,"Sosser",0,1566170511,"Battle Of Hyrule",2
"BeBop",1,"Sabino",2,1566170595,"Battle Of Hyrule",2
"Sosser",2,"Maleson",0,1566171283,"Battle Of Hyrule",2
"Luffy",2,"Sky",1,1566171577,"Battle Of Hyrule",2
"Sosser",2,"Ihmo",1,1566172466,"Battle Of Hyrule",2
"RevoS",1,"LUGIA",2,1566172604,"Battle Of Hyrule",2
"Sky",0,"Sosser",2,1566173849,"Battle Of Hyrule",2
"RevoS",2,"Sabino",0,1566173873,"Battle Of Hyrule",2
"Luffy",3,"LUGIA",0,1566174611,"Battle Of Hyrule",3
"Sosser",2,"RevoS",1,1566175251,"Battle Of Hyrule",2
"LUGIA",2,"Sosser",3,1566176579,"Battle Of Hyrule",3
"Luffy",3,"Sosser",2,1566178331,"Battle Of Hyrule",3
"Vyse",2,"LCS",0,1568557447,"Smash n' Magic - 4th Edition",2
"Luffy",2,"Lou",0,1568557565,"Smash n' Magic - 4th Edition",2
"Rhunii",1,"Guizo",2,1568558159,"Smash n' Magic - 4th Edition",2
"Ace",0,"Dark Fox",2,1568559044,"Smash n' Magic - 4th Edition",2
"Shiv",0,"Ozzy",2,1568559059,"Smash n' Magic - 4th Edition",2
"Crisiru07",1,"Sully",2,1568559172,"Smash n' Magic - 4th Edition",2
"Shinomori",2,"Arthunnis",1,1568559409,"Smash n' Magic - 4th Edition",2
"FR7",2,"RoD",0,1568559842,"Smash n' Magic - 4th Edition",2
"Chino",2,"Naty",0,1568559960,"Smash n' Magic - 4th Edition",2
"Steel",2,"JackEvil",0,1568560125,"Smash n' Magic - 4th Edition",2
"Conker",0,"Strig",2,1568560182,"Smash n' Magic - 4th Edition",2
"RitsuoFox",2,"Cyber Twilight",1,1568560345,"Smash n' Magic - 4th Edition",2
"Jayache",0,"GUCCI",2,1568560482,"Smash n' Magic - 4th Edition",2
"S/Chance",2,"Ozzy",0,1568561007,"Smash n' Magic - 4th Edition",2
"LUGIA",2,"Fy",0,1568561039,"Smash n' Magic - 4th Edition",2
"Mimok",2,"Guizo",0,1568561206,"Smash n' Magic - 4th Edition",2
"Arch",2,"Ren",0,1568561491,"Smash n' Magic - 4th Edition",2
"Dypherius",1,"Gim",2,1568561572,"Smash n' Magic - 4th Edition",2
"ChaosPrime",2,"Minus",0,1568561926,"Smash n' Magic - 4th Edition",2
"BeBop",2,"Sully",0,1568562017,"Smash n' Magic - 4th Edition",2
"Chino",2,"Steel",0,1568562153,"Smash n' Magic - 4th Edition",2
"Ultimate",2,"Miguelindo",0,1568562245,"Smash n' Magic - 4th Edition",2
"Sabino",2,"GUCCI",0,1568562479,"Smash n' Magic - 4th Edition",2
"Mick",2,"Jao",1,1568562574,"Smash n' Magic - 4th Edition",2
"Amortax",2,"Gim",0,1568562681,"Smash n' Magic - 4th Edition",2
"Vyse",2,"Dark Fox",0,1568562731,"Smash n' Magic - 4th Edition",2
"Floko",2,"Strig",0,1568563081,"Smash n' Magic - 4th Edition",2
"Maleson",2,"Shinomori",0,1568563234,"Smash n' Magic - 4th Edition",2
"ChaosPrime",0,"FireEmblem",2,1568563708,"Smash n' Magic - 4th Edition",2
"RitsuoFox",2,"Arch",0,1568563728,"Smash n' Magic - 4th Edition",2
"Joaoarara",2,"Mick",0,1568563903,"Smash n' Magic - 4th Edition",2
"Afro",2,"FR7",1,1568567043,"Smash n' Magic - 4th Edition",2
"LUGIA",2,"FireEmblem",0,1568568123,"Smash n' Magic - 4th Edition",2
"S/Chance",1,"Floko",2,1568568282,"Smash n' Magic - 4th Edition",2
"Mimok",2,"Afro",0,1568568343,"Smash n' Magic - 4th Edition",2
"Joaoarara",2,"Maleson",0,1568568364,"Smash n' Magic - 4th Edition",2
"Strig",2,"Kai",0,1568568590,"Smash n' Magic - 4th Edition",2
"Luffy",2,"Chino",0,1568568968,"Smash n' Magic - 4th Edition",2
"Sabino",0,"Amortax",2,1568569160,"Smash n' Magic - 4th Edition",2
"Ultimate",2,"Vyse",1,1568569443,"Smash n' Magic - 4th Edition",2
"Dark Fox",2,"Shiv",1,1568569698,"Smash n' Magic - 4th Edition",2
"Ozzy",0,"Ace",2,1568569836,"Smash n' Magic - 4th Edition",2
"Steel",0,"Jao",2,1568569964,"Smash n' Magic - 4th Edition",2
"BeBop",1,"RitsuoFox",2,1568570001,"Smash n' Magic - 4th Edition",2
"Miguelindo",2,"Conker",0,1568570429,"Smash n' Magic - 4th Edition",2
"Cyber Twilight",2,"Ren",0,1568570610,"Smash n' Magic - 4th Edition",2
"Fy",2,"Dypherius",0,1568570942,"Smash n' Magic - 4th Edition",2
"GUCCI",1,"Minus",2,1568570957,"Smash n' Magic - 4th Edition",2
"Strig",0,"Ace",2,1568571131,"Smash n' Magic - 4th Edition",2
"Mick",1,"Naty",2,1568571242,"Smash n' Magic - 4th Edition",2
"Arch",0,"Rhunii",2,1568571402,"Smash n' Magic - 4th Edition",2
"ChaosPrime",2,"Jayache",0,1568572195,"Smash n' Magic - 4th Edition",2
"Jao",2,"Arthunnis",0,1568572238,"Smash n' Magic - 4th Edition",2
"Shinomori",0,"Naty",2,1568572283,"Smash n' Magic - 4th Edition",2
"Dark Fox",0,"Miguelindo",2,1568572634,"Smash n' Magic - 4th Edition",2
"Sully",2,"RoD",1,1568572702,"Smash n' Magic - 4th Edition",2
"FR7",2,"Crisiru07",0,1568572720,"Smash n' Magic - 4th Edition",2
"S/Chance",2,"Miguelindo",0,1568573188,"Smash n' Magic - 4th Edition",2
"Maleson",2,"Jao",1,1568573313,"Smash n' Magic - 4th Edition",2
"Vyse",2,"Ace",0,1568573496,"Smash n' Magic - 4th Edition",2
"Rhunii",2,"Sully",0,1568573660,"Smash n' Magic - 4th Edition",2
"Guizo",0,"Cyber Twilight",2,1568574311,"Smash n' Magic - 4th Edition",2
"Afro",2,"Rhunii",0,1568574346,"Smash n' Magic - 4th Edition",2
"Gim",1,"Minus",2,1568574913,"Smash n' Magic - 4th Edition",2
"Chino",2,"Naty",0,1568574966,"Smash n' Magic - 4th Edition",2
"ChaosPrime",1,"Fy",2,1568575086,"Smash n' Magic - 4th Edition",2
"FR7",0,"Cyber Twilight",2,1568575447,"Smash n' Magic - 4th Edition",2
"Sabino",2,"Fy",0,1568575999,"Smash n' Magic - 4th Edition",2
"BeBop",2,"Cyber Twilight",0,1568576286,"Smash n' Magic - 4th Edition",2
"FireEmblem",0,"Minus",2,1568576999,"Smash n' Magic - 4th Edition",2
"Maleson",2,"Minus",0,1568579392,"Smash n' Magic - 4th Edition",2
"BeBop",2,"Vyse",1,1568579503,"Smash n' Magic - 4th Edition",2
"S/Chance",1,"Afro",2,1568579878,"Smash n' Magic - 4th Edition",2
"Ultimate",0,"Floko",2,1568580178,"Smash n' Magic - 4th Edition",2
"Sabino",0,"Chino",2,1568580197,"Smash n' Magic - 4th Edition",2
"LUGIA",2,"Amortax",0,1568580357,"Smash n' Magic - 4th Edition",2
"Mimok",0,"RitsuoFox",2,1568580419,"Smash n' Magic - 4th Edition",2
"Luffy",2,"Joaoarara",0,1568580434,"Smash n' Magic - 4th Edition",2
"Ultimate",2,"Chino",0,1568581198,"Smash n' Magic - 4th Edition",2
"Joaoarara",0,"BeBop",2,1568581426,"Smash n' Magic - 4th Edition",2
"Mimok",2,"Maleson",0,1568582610,"Smash n' Magic - 4th Edition",2
"Amortax",1,"Afro",2,1568582625,"Smash n' Magic - 4th Edition",2
"Floko",0,"RitsuoFox",3,1568582677,"Smash n' Magic - 4th Edition",3
"Luffy",3,"LUGIA",1,1568582853,"Smash n' Magic - 4th Edition",3
"Mimok",3,"Ultimate",1,1568584177,"Smash n' Magic - 4th Edition",3
"Afro",1,"BeBop",3,1568584366,"Smash n' Magic - 4th Edition",3
"LUGIA",3,"Mimok",0,1568585201,"Smash n' Magic - 4th Edition",3
"RitsuoFox",0,"Luffy",3,1568585527,"Smash n' Magic - 4th Edition",3
"Floko",0,"BeBop",3,1568586199,"Smash n' Magic - 4th Edition",3
"BeBop",1,"LUGIA",3,1568587599,"Smash n' Magic - 4th Edition",3
"RitsuoFox",1,"LUGIA",3,1568589885,"Smash n' Magic - 4th Edition",3
"Luffy",3,"LUGIA",0,1568589912,"Smash n' Magic - 4th Edition",3
"Floko",2,"Morkez",0,1572207217,"Try Hard Smash in Rio #1",2
"Jayache",0,"Arch",2,1572207827,"Try Hard Smash in Rio #1",2
"DSK",1,"Vyse",2,1572208633,"Try Hard Smash in Rio #1",2
"Sully",0,"Maleson",2,1572209310,"Try Hard Smash in Rio #1",2
"Amortax",2,"Haxwei",1,1572209617,"Try Hard Smash in Rio #1",2
"Ultimate",2,"Miguelindo",0,1572209844,"Try Hard Smash in Rio #1",2
"Dypherius",0,"Luckstorm",2,1572209862,"Try Hard Smash in Rio #1",2
"RitsuoFox",2,"FR7",0,1572210238,"Try Hard Smash in Rio #1",2
"RevoS",2,"Arch",0,1572210647,"Try Hard Smash in Rio #1",2
"Luffy",2,"Luckstorm",0,1572210719,"Try Hard Smash in Rio #1",2
"DSK",0,"Dypherius",2,1572211404,"Try Hard Smash in Rio #1",2
"Floko",2,"Maleson",1,1572211477,"Try Hard Smash in Rio #1",2
"Sully",2,"Jayache",1,1572211793,"Try Hard Smash in Rio #1",2
"RevoS",2,"Amortax",0,1572212302,"Try Hard Smash in Rio #1",2
"Haxwei",2,"Arch",1,1572212361,"Try Hard Smash in Rio #1",2
"Ultimate",2,"Vyse",0,1572212477,"Try Hard Smash in Rio #1",2
"Sully",0,"Morkez",2,1572213082,"Try Hard Smash in Rio #1",2
"Mick",0,"Ihmo",2,1572213111,"Try Hard Smash in Rio #1",2
"Mimok",2,"Proliel",0,1572213677,"Try Hard Smash in Rio #1",2
"Amortax",2,"Luckstorm",0,1572213859,"Try Hard Smash in Rio #1",2
"Dypherius",0,"Miguelindo",2,1572213974,"Try Hard Smash in Rio #1",2
"Jim",0,"RitsuoFox",2,1572214156,"Try Hard Smash in Rio #1",2
"LUGIA",2,"Fy",0,1572214353,"Try Hard Smash in Rio #1",2
"Luffy",2,"ThiFesta",0,1572214419,"Try Hard Smash in Rio #1",2
"Vyse",2,"Morkez",0,1572214479,"Try Hard Smash in Rio #1",2
"Maleson",2,"Miguelindo",0,1572214525,"Try Hard Smash in Rio #1",2
"Mimok",2,"Floko",0,1572215502,"Try Hard Smash in Rio #1",2
"ThiFesta",0,"Haxwei",2,1572215591,"Try Hard Smash in Rio #1",2
"LUGIA",1,"Ultimate",2,1572215673,"Try Hard Smash in Rio #1",2
"Mick",0,"FR7",2,1572216119,"Try Hard Smash in Rio #1",2
"Maleson",2,"Proliel",1,1572216229,"Try Hard Smash in Rio #1",2
"Luffy",2,"RitsuoFox",0,1572216343,"Try Hard Smash in Rio #1",2
"Vyse",2,"Fy",1,1572216824,"Try Hard Smash in Rio #1",2
"RevoS",2,"Ihmo",0,1572217025,"Try Hard Smash in Rio #1",2
"FR7",0,"Amortax",2,1572217198,"Try Hard Smash in Rio #1",2
"Jim",0,"Haxwei",2,1572217248,"Try Hard Smash in Rio #1",2
"Ihmo",2,"Maleson",1,1572218087,"Try Hard Smash in Rio #1",2
"Floko",0,"Amortax",2,1572218168,"Try Hard Smash in Rio #1",2
"RitsuoFox",2,"Vyse",1,1572218221,"Try Hard Smash in Rio #1",2
"Luffy",2,"Mimok",0,1572219014,"Try Hard Smash in Rio #1",2
"Ihmo",2,"Haxwei",0,1572219188,"Try Hard Smash in Rio #1",2
"RevoS",2,"Ultimate",0,1572219768,"Try Hard Smash in Rio #1",2
"RitsuoFox",1,"Amortax",2,1572219832,"Try Hard Smash in Rio #1",2
"Mimok",2,"Ihmo",0,1572220069,"Try Hard Smash in Rio #1",2
"Luffy",3,"RevoS",0,1572220892,"Try Hard Smash in Rio #1",3
"Ultimate",2,"Amortax",0,1572223878,"Try Hard Smash in Rio #1",2
"Mimok",1,"Ultimate",3,1572223941,"Try Hard Smash in Rio #1",3
"RevoS",3,"Ultimate",1,1572223986,"Try Hard Smash in Rio #1",3
"Luffy",3,"RevoS",1,1572264815,"Try Hard Smash in Rio #1",3
"FireEmblem",2,"Djudjo",0,1573411977,"Smash n' Magic - 5th Edition",2
"Luffy",2,"FireEmblem",0,1573411998,"Smash n' Magic - 5th Edition",2
"Maleson",2,"Mick",0,1573412012,"Smash n' Magic - 5th Edition",2
"Luffy",2,"Maleson",0,1573412024,"Smash n' Magic - 5th Edition",2
"Sully",0,"Ace",2,1573412042,"Smash n' Magic - 5th Edition",2
"Fy",2,"Anubis570",0,1573412058,"Smash n' Magic - 5th Edition",2
"Amortax",2,"Fy",0,1573412069,"Smash n' Magic - 5th Edition",2
"S/Chance",0,"Ace",2,1573412080,"Smash n' Magic - 5th Edition",2
"Ace",0,"Amortax",2,1573412092,"Smash n' Magic - 5th Edition",2
"Fy",0,"Djudjo",2,1573412104,"Smash n' Magic - 5th Edition",2
"Djudjo",2,"S/Chance",0,1573412116,"Smash n' Magic - 5th Edition",2
"Mick",2,"Sully",1,1573412149,"Smash n' Magic - 5th Edition",2
"FireEmblem",2,"Anubis570",0,1573412163,"Smash n' Magic - 5th Edition",2
"Mick",0,"FireEmblem",2,1573412181,"Smash n' Magic - 5th Edition",2
"RevoS",2,"Arch",0,1573412243,"Smash n' Magic - 5th Edition",2
"Ihmo",2,"Afro",0,1573412255,"Smash n' Magic - 5th Edition",2
"BeBop",2,"Ozzy",1,1573412287,"Smash n' Magic - 5th Edition",2
"Sabino",2,"Rhunii",0,1573412316,"Smash n' Magic - 5th Edition",2
"BeBop",0,"Sabino",2,1573412327,"Smash n' Magic - 5th Edition",2
"RevoS",2,"Ihmo",0,1573412339,"Smash n' Magic - 5th Edition",2
"Rhunii",1,"Ozzy",2,1573412366,"Smash n' Magic - 5th Edition",2
"Ihmo",2,"Ozzy",0,1573412376,"Smash n' Magic - 5th Edition",2
"Afro",2,"Arch",0,1573412412,"Smash n' Magic - 5th Edition",2
"BeBop",2,"Afro",1,1573412424,"Smash n' Magic - 5th Edition",2
"LUGIA",2,"ChaosPrime",0,1573412489,"Smash n' Magic - 5th Edition",2
"RoD",2,"mega",0,1573412501,"Smash n' Magic - 5th Edition",2
"LUGIA",2,"RoD",0,1573412511,"Smash n' Magic - 5th Edition",2
"Conker",0,"Botrek",2,1573412521,"Smash n' Magic - 5th Edition",2
"Roboto",2,"Botrek",0,1573412537,"Smash n' Magic - 5th Edition",2
"Joaoarara",2,"Proliel",0,1573412551,"Smash n' Magic - 5th Edition",2
"Proliel",2,"Botrek",0,1573412596,"Smash n' Magic - 5th Edition",2
"RoD",0,"Proliel",2,1573412607,"Smash n' Magic - 5th Edition",2
"mega",2,"Conker",0,1573412617,"Smash n' Magic - 5th Edition",2
"mega",0,"ChaosPrime",2,1573412629,"Smash n' Magic - 5th Edition",2
"Roboto",2,"Joaoarara",0,1573412653,"Smash n' Magic - 5th Edition",2
"Joaoarara",2,"ChaosPrime",0,1573412664,"Smash n' Magic - 5th Edition",2
"Naty",2,"Axe",0,1573412691,"Smash n' Magic - 5th Edition",2
"Sky",2,"Naty",0,1573412723,"Smash n' Magic - 5th Edition",2
"Haxwei",2,"FR7",0,1573412791,"Smash n' Magic - 5th Edition",2
"Ultimate",2,"Gim",1,1573412815,"Smash n' Magic - 5th Edition",2
"Sky",2,"Shinomori",0,1573412836,"Smash n' Magic - 5th Edition",2
"Ultimate",2,"Haxwei",0,1573412878,"Smash n' Magic - 5th Edition",2
"Ace",0,"FireEmblem",2,1573412946,"Smash n' Magic - 5th Edition",2
"Axe",0,"Gim",2,1573413143,"Smash n' Magic - 5th Edition",2
"FR7",2,"Naty",1,1573413191,"Smash n' Magic - 5th Edition",2
"Haxwei",2,"Gim",0,1573413204,"Smash n' Magic - 5th Edition",2
"Shinomori",0,"FR7",2,1573414262,"Smash n' Magic - 5th Edition",2
"Maleson",0,"Djudjo",2,1573415533,"Smash n' Magic - 5th Edition",2
"FireEmblem",2,"Proliel",0,1573416230,"Smash n' Magic - 5th Edition",2
"Sky",2,"Ultimate",1,1573416315,"Smash n' Magic - 5th Edition",2
"LUGIA",1,"Roboto",2,1573416514,"Smash n' Magic - 5th Edition",2
"Joaoarara",0,"Djudjo",2,1573416805,"Smash n' Magic - 5th Edition",2
"BeBop",2,"FR7",0,1573417525,"Smash n' Magic - 5th Edition",2
"Haxwei",2,"Ihmo",0,1573417649,"Smash n' Magic - 5th Edition",2
"Ultimate",2,"FireEmblem",0,1573417940,"Smash n' Magic - 5th Edition",2
"LUGIA",1,"BeBop",2,1573419004,"Smash n' Magic - 5th Edition",2
"RevoS",2,"Sabino",0,1573421616,"Smash n' Magic - 5th Edition",2
"Luffy",2,"Amortax",0,1573421813,"Smash n' Magic - 5th Edition",2
"Luffy",3,"Roboto",1,1573423184,"Smash n' Magic - 5th Edition",3
"Sabino",2,"Djudjo",0,1573423858,"Smash n' Magic - 5th Edition",2
"RevoS",2,"Sky",3,1573423905,"Smash n' Magic - 5th Edition",3
"Amortax",2,"Haxwei",1,1573425318,"Smash n' Magic - 5th Edition",2
"Ultimate",2,"Sabino",3,1573425761,"Smash n' Magic - 5th Edition",3
"BeBop",3,"Amortax",1,1573426456,"Smash n' Magic - 5th Edition",3
"Roboto",1,"Sabino",3,1573427237,"Smash n' Magic - 5th Edition",3
"RevoS",3,"BeBop",1,1573428371,"Smash n' Magic - 5th Edition",3
"Luffy",3,"Sky",1,1573429324,"Smash n' Magic - 5th Edition",3
"Sabino",1,"RevoS",3,1573430030,"Smash n' Magic - 5th Edition",3
"Sky",3,"RevoS",1,1573431547,"Smash n' Magic - 5th Edition",3
"Luffy",3,"Sky",0,1573435505,"Smash n' Magic - 5th Edition",3
"FireEmblem",2,"Dypherius",0,1574623471,"Try Hard Smash in Rio #2",2
"Thay",0,"ThiFesta",2,1574623607,"Try Hard Smash in Rio #2",2
"FireEmblem",2,"DJ",0,1574624233,"Try Hard Smash in Rio #2",2
"RoD",2,"Ozzy",0,1574624275,"Try Hard Smash in Rio #2",2
"Afro",2,"Math100",0,1574624283,"Try Hard Smash in Rio #2",2
"Amortax",2,"Burtão",0,1574624460,"Try Hard Smash in Rio #2",2
"Ultimate",2,"Oops",0,1574625132,"Try Hard Smash in Rio #2",2
"Haxwei",2,"Anhanha",1,1574625172,"Try Hard Smash in Rio #2",2
"RevoS",2,"GUCCI",0,1574625913,"Try Hard Smash in Rio #2",2
"Mimok",2,"ThiFesta",1,1574626208,"Try Hard Smash in Rio #2",2
"Afro",2,"RoD",0,1574626545,"Try Hard Smash in Rio #2",2
"Anhanha",2,"Thay",0,1574627013,"Try Hard Smash in Rio #2",2
"Math100",0,"Ozzy",2,1574627314,"Try Hard Smash in Rio #2",2
"Burtão",2,"Dypherius",0,1574627768,"Try Hard Smash in Rio #2",2
"DJ",2,"ThiFesta",0,1574628304,"Try Hard Smash in Rio #2",2
"RoD",2,"Oops",0,1574628756,"Try Hard Smash in Rio #2",2
"RevoS",2,"Chino",1,1574629246,"Try Hard Smash in Rio #2",2
"Anhanha",2,"Burtão",0,1574629535,"Try Hard Smash in Rio #2",2
"Ultimate",2,"Afro",0,1574630316,"Try Hard Smash in Rio #2",2
"Amortax",2,"Haxwei",1,1574630353,"Try Hard Smash in Rio #2",2
"Mimok",0,"FireEmblem",2,1574630866,"Try Hard Smash in Rio #2",2
"Chino",2,"DJ",1,1574631432,"Try Hard Smash in Rio #2",2
"Haxwei",2,"RoD",0,1574631667,"Try Hard Smash in Rio #2",2
"Afro",0,"Anhanha",2,1574632035,"Try Hard Smash in Rio #2",2
"FireEmblem",1,"Ultimate",3,1574632462,"Try Hard Smash in Rio #2",3
"RevoS",3,"Amortax",1,1574633901,"Try Hard Smash in Rio #2",3
"FireEmblem",3,"Chino",2,1574634104,"Try Hard Smash in Rio #2",3
"GUCCI",2,"Ozzy",1,1574634643,"Try Hard Smash in Rio #2",2
"Mimok",2,"GUCCI",0,1574635438,"Try Hard Smash in Rio #2",2
"RevoS",3,"Ultimate",1,1574635901,"Try Hard Smash in Rio #2",3
"Anhanha",2,"Mimok",1,1574636283,"Try Hard Smash in Rio #2",2
"Haxwei",1,"Chino",2,1574637716,"Try Hard Smash in Rio #2",2
"Amortax",3,"Anhanha",1,1574637909,"Try Hard Smash in Rio #2",3
"FireEmblem",0,"Amortax",3,1574639169,"Try Hard Smash in Rio #2",3
"Ultimate",3,"Amortax",1,1574640329,"Try Hard Smash in Rio #2",3
"RevoS",3,"Ultimate",1,1574641284,"Try Hard Smash in Rio #2",3
"Sabino",2,"Considera",0,1575135673,"TwS - Forest Temple",2
"Wright",0,"Rates",2,1575135912,"TwS - Forest Temple",2
"Ultimate",2,"23",0,1575136073,"TwS - Forest Temple",2
"Luffy",2,"Anubis570",0,1575136307,"TwS - Forest Temple",2
"Luffy",2,"Maleson",0,1575136354,"TwS - Forest Temple",2
"Sosser",2,"Arch",0,1575136387,"TwS - Forest Temple",2
"Mick",2,"CebolaTostada",0,1575136441,"TwS - Forest Temple",2
"BURRITO",0,"FR7",2,1575136627,"TwS - Forest Temple",2
"Menaci",0,"Ozzy",2,1575136779,"TwS - Forest Temple",2
"RevoS",2,"Rates",1,1575136992,"TwS - Forest Temple",2
"Mimok",2,"Dypherius",0,1575137026,"TwS - Forest Temple",2
"23",0,"CebolaTostada",2,1575137316,"TwS - Forest Temple",2
"Sosser",2,"FR7",0,1575137496,"TwS - Forest Temple",2
"Sky",2,"Ozzy",1,1575137838,"TwS - Forest Temple",2
"Arch",2,"BURRITO",0,1575137951,"TwS - Forest Temple",2
"Amortax",2,"Magonha",0,1575138056,"TwS - Forest Temple",2
"Ihmo",2,"Sully",0,1575138272,"TwS - Forest Temple",2
"Ultimate",2,"Mick",0,1575138335,"TwS - Forest Temple",2
"LUGIA",1,"FireEmblem",2,1575138793,"TwS - Forest Temple",2
"Magonha",0,"Considera",2,1575138876,"TwS - Forest Temple",2
"Ozzy",2,"CebolaTostada",1,1575138955,"TwS - Forest Temple",2
"Mick",2,"Menaci",0,1575139497,"TwS - Forest Temple",2
"LUGIA",2,"Arch",0,1575139582,"TwS - Forest Temple",2
"Dypherius",2,"Sully",1,1575139716,"TwS - Forest Temple",2
"Rates",0,"Considera",2,1575139883,"TwS - Forest Temple",2
"Maleson",2,"Dypherius",0,1575140032,"TwS - Forest Temple",2
"Amortax",1,"Sabino",2,1575140062,"TwS - Forest Temple",2
"Amortax",2,"Wright",0,1575140861,"TwS - Forest Temple",2
"RevoS",2,"Sabino",0,1575141253,"TwS - Forest Temple",2
"FireEmblem",2,"Sosser",1,1575141537,"TwS - Forest Temple",2
"Sky",1,"Ultimate",2,1575141562,"TwS - Forest Temple",2
"Mimok",1,"Ihmo",2,1575141738,"TwS - Forest Temple",2
"Mick",0,"Considera",2,1575141780,"TwS - Forest Temple",2
"FR7",1,"Maleson",2,1575142361,"TwS - Forest Temple",2
"Mimok",2,"Anubis570",0,1575142425,"TwS - Forest Temple",2
"Amortax",2,"Ozzy",0,1575142529,"TwS - Forest Temple",2
"Luffy",2,"Ihmo",0,1575142841,"TwS - Forest Temple",2
"Sabino",2,"Maleson",0,1575143231,"TwS - Forest Temple",2
"Ihmo",2,"Considera",0,1575143416,"TwS - Forest Temple",2
"Mimok",1,"LUGIA",2,1575143760,"TwS - Forest Temple",2
"Sosser",1,"Amortax",2,1575144259,"TwS - Forest Temple",2
"Sky",0,"LUGIA",2,1575144430,"TwS - Forest Temple",2
"LUGIA",3,"Sabino",0,1575145791,"TwS - Forest Temple",3
"Amortax",3,"Ihmo",2,1575146955,"TwS - Forest Temple",3
"RevoS",3,"Ultimate",0,1575148344,"TwS - Forest Temple",3
"Luffy",3,"FireEmblem",1,1575149808,"TwS - Forest Temple",3
"Ultimate",3,"Amortax",0,1575150797,"TwS - Forest Temple",3
"FireEmblem",3,"LUGIA",0,1575151535,"TwS - Forest Temple",3
"Luffy",3,"RevoS",0,1575152663,"TwS - Forest Temple",3
"FireEmblem",0,"Ultimate",3,1575153378,"TwS - Forest Temple",3
"RevoS",3,"Ultimate",1,1575154539,"TwS - Forest Temple",3
"Luffy",3,"RevoS",0,1575155510,"TwS - Forest Temple",3
"Renata",1,"Atilio",2,1575837299,"Try Hard Smash in Rio #3",2
"Dypherius",1,"Ozzy",2,1575837721,"Try Hard Smash in Rio #3",2
"Guzasko",0,"FR7",2,1575838727,"Try Hard Smash in Rio #3",2
"Nalo",0,"Lou",2,1575839633,"Try Hard Smash in Rio #3",2
"Sully",2,"Wright",0,1575839740,"Try Hard Smash in Rio #3",2
"Lucas",0,"RoD",2,1575840354,"Try Hard Smash in Rio #3",2
"Mick",2,"RoD",0,1575840381,"Try Hard Smash in Rio #3",2
"RevoS",2,"Atilio",0,1575840443,"Try Hard Smash in Rio #3",2
"Ultimate",2,"SanDiego",0,1575840499,"Try Hard Smash in Rio #3",2
"Haxwei",2,"Lou",0,1575840522,"Try Hard Smash in Rio #3",2
"Coringa",1,"Tiago Pazos",2,1575840954,"Try Hard Smash in Rio #3",2
"Fy",2,"FR7",0,1575841194,"Try Hard Smash in Rio #3",2
"Wright",2,"Nalo",0,1575841404,"Try Hard Smash in Rio #3",2
"SanDiego",1,"Guzasko",2,1575841427,"Try Hard Smash in Rio #3",2
"ThiFesta",0,"Ozzy",2,1575841822,"Try Hard Smash in Rio #3",2
"Ihmo",2,"Tiago Pazos",0,1575842034,"Try Hard Smash in Rio #3",2
"Ultimate",2,"Ozzy",0,1575842379,"Try Hard Smash in Rio #3",2
"RoD",1,"Lou",2,1575842387,"Try Hard Smash in Rio #3",2
"Haxwei",2,"Mick",0,1575842841,"Try Hard Smash in Rio #3",2
"RevoS",2,"Sully",0,1575843299,"Try Hard Smash in Rio #3",2
"Ihmo",2,"Fy",1,1575843625,"Try Hard Smash in Rio #3",2
"Atilio",2,"Lucas",1,1575843667,"Try Hard Smash in Rio #3",2
"Wright",2,"Atilio",0,1575844506,"Try Hard Smash in Rio #3",2
"Tiago Pazos",2,"Dypherius",0,1575844563,"Try Hard Smash in Rio #3",2
"FR7",2,"Tiago Pazos",0,1575844712,"Try Hard Smash in Rio #3",2
"Ultimate",3,"Haxwei",0,1575845034,"Try Hard Smash in Rio #3",3
"Ozzy",2,"Wright",0,1575845069,"Try Hard Smash in Rio #3",2
"Mick",0,"FR7",2,1575845982,"Try Hard Smash in Rio #3",2
"ThiFesta",2,"Coringa",0,1575846007,"Try Hard Smash in Rio #3",2
"ThiFesta",2,"Guzasko",0,1575846531,"Try Hard Smash in Rio #3",2
"Fy",2,"Lou",0,1575846599,"Try Hard Smash in Rio #3",2
"RevoS",3,"Ihmo",2,1575846747,"Try Hard Smash in Rio #3",3
"Sully",2,"ThiFesta",1,1575847619,"Try Hard Smash in Rio #3",2
"Ozzy",1,"FR7",3,1575847980,"Try Hard Smash in Rio #3",3
"RevoS",1,"Ultimate",3,1575848511,"Try Hard Smash in Rio #3",3
"Sully",0,"Fy",3,1575848954,"Try Hard Smash in Rio #3",3
"Ihmo",3,"FR7",0,1575849583,"Try Hard Smash in Rio #3",3
"Haxwei",3,"Fy",0,1575849864,"Try Hard Smash in Rio #3",3
"Haxwei",3,"Ihmo",1,1575851240,"Try Hard Smash in Rio #3",3
"RevoS",3,"Haxwei",0,1575852124,"Try Hard Smash in Rio #3",3
"Ultimate",2,"RevoS",3,1575853473,"Try Hard Smash in Rio #3",3
"RevoS",3,"Ultimate",0,1575856040,"Try Hard Smash in Rio #3",3
"Sabino",3,"S/Chance",1,1577040561,"TORNEIO LEGAL",3
"Afro",3,"d0pe",2,1577040959,"TORNEIO LEGAL",3
"Pete",0,"Proliel",3,1577042119,"TORNEIO LEGAL",3
"Luffy",3,"Naval",0,1577042127,"TORNEIO LEGAL",3
"Haxwei",3,"Joaoarara",0,1577042145,"TORNEIO LEGAL",3
"FireEmblem",3,"Gabi18",0,1577043224,"TORNEIO LEGAL",3
"Ace",3,"jTurolla",0,1577043239,"TORNEIO LEGAL",3
"Luffy",3,"Maleson",2,1577044086,"TORNEIO LEGAL",3
"Afro",3,"Proliel",0,1577044514,"TORNEIO LEGAL",3
"Sabino",3,"FireEmblem",1,1577044826,"TORNEIO LEGAL",3
"Haxwei",3,"Ace",0,1577045506,"TORNEIO LEGAL",3
"Joaoarara",3,"jTurolla",0,1577045520,"TORNEIO LEGAL",3
"S/Chance",3,"Gabi18",0,1577045536,"TORNEIO LEGAL",3
"d0pe",3,"Pete",1,1577046513,"TORNEIO LEGAL",3
"Proliel",2,"S/Chance",3,1577046520,"TORNEIO LEGAL",3
"Afro",1,"Haxwei",3,1577046616,"TORNEIO LEGAL",3
"Ace",0,"Naval",3,1577047933,"TORNEIO LEGAL",3
"Maleson",3,"Joaoarara",0,1577048339,"TORNEIO LEGAL",3
"FireEmblem",3,"d0pe",0,1577048346,"TORNEIO LEGAL",3
"FireEmblem",3,"Maleson",0,1577048353,"TORNEIO LEGAL",3
"Luffy",3,"Sabino",1,1577048602,"TORNEIO LEGAL",3
"Naval",3,"S/Chance",0,1577048811,"TORNEIO LEGAL",3
"Sabino",0,"Naval",3,1577049925,"TORNEIO LEGAL",3
"Afro",0,"FireEmblem",3,1577053419,"TORNEIO LEGAL",3
"Naval",1,"FireEmblem",3,1577053432,"TORNEIO LEGAL",3
"Luffy",3,"Haxwei",1,1577053449,"TORNEIO LEGAL",3
"Haxwei",3,"FireEmblem",1,1577053466,"TORNEIO LEGAL",3
"Luffy",3,"Haxwei",1,1577054862,"TORNEIO LEGAL",3
