"p1","p2","sets","set_wins_p1","set_wins_p2","game_wins_p1","game_wins_p2","tournaments"
"Luffy","RevoS",7,6,1,20,4,"Smash N' Magic, Smash N' Magic - 2nd Edition, Smash N' Magic - 2nd Edition, Smash Season Fest: Falling Leaves, Twilight's Awakening, Try Hard Smash in Rio #1, Try Hard Smash in Rio #1"
"Sky","Ultimate",7,6,1,18,8,"Koopa Armada, Smash Season Fest: Smash Heat, Smash N' Magic, Smash N' Magic - 2nd Edition, Fight in Rio for the Future, Smash N' Magic - 3rd Edition, Smash n' Magic - 5th Edition"
"Luffy","LUGIA",6,6,0,17,3,"Smash N' Magic, Smash Season Fest: Falling Leaves, Twilight's Awakening, Battle Of Hyrule, Smash n' Magic - 4th Edition, Smash n' Magic - 4th Edition"
"Luffy","Sky",6,3,3,12,11,"Koopa Armada, Koopa Armada, Smash N' Magic, Battle Of Hyrule, Smash n' Magic - 5th Edition, Smash n' Magic - 5th Edition"
"LUGIA","RevoS",5,2,3,8,11,"Smash Heat 2, Smash N' Magic, Twilight's Awakening, Twilight's Awakening, Battle Of Hyrule"
"LUGIA","Ultimate",5,2,3,8,9,"Smash Season Fest: Smash Heat, Smash N' Magic, Smash Season Fest: Falling Leaves, Battle Of Hyrule, Try Hard Smash in Rio #1"
"RevoS","Roboto",5,4,1,10,3,"Smash Season Fest: Smash Heat, Smash Heat 2, Smash Heat 2, Smash N' Magic, Smash N' Magic - 2nd Edition"
"RevoS","Sabino",5,5,0,13,1,"Smash Heat 2, Smash Season Fest: Falling Leaves, Battle Of Hyrule, Smash n' Magic - 5th Edition, Smash n' Magic - 5th Edition"
"RevoS","Sky",5,2,3,9,10,"Smash N' Magic, Smash N' Magic - 2nd Edition, Smash N' Magic - 3rd Edition, Smash n' Magic - 5th Edition, Smash n' Magic - 5th Edition"
"Afro","Ozzy",4,4,0,8,1,"Koopa Armada, Smash Season Fest: Smash Heat, Smash N' Magic - 2nd Edition, Twilight's Awakening"
"BeBop","Maleson",4,2,2,6,4,"Smash N' Magic, Fight in Rio for the Future, Smash N' Magic - 3rd Edition, Smash N' Magic - 3rd Edition"
"Luffy","Ultimate",4,4,0,12,2,"Koopa Armada, Smash N' Magic - 2nd Edition, Smash Season Fest: Falling Leaves, Twilight's Awakening"
"Mimok","RevoS",4,3,1,8,7,"Smash Season Fest: Smash Heat, Twilight's Awakening, Smash N' Magic - 3rd Edition, Smash N' Magic - 3rd Edition"
"Mimok","Roboto",4,3,1,9,8,"Fight in Rio for the Future, Smash N' Magic - 3rd Edition, Smash N' Magic - 3rd Edition, Smash N' Magic - 3rd Edition"
"Mimok","Ultimate",4,3,1,8,5,"Smash Heat 2, Fight in Rio for the Future, Smash n' Magic - 4th Edition, Try Hard Smash in Rio #1"
"RevoS","Ultimate",4,3,1,10,6,"Smash N' Magic - 2nd Edition, Smash Season Fest: Falling Leaves, Try Hard Smash in Rio #1, Try Hard Smash in Rio #1"
"Roboto","Sabino",4,3,1,9,4,"Smash Season Fest: Smash Heat, Smash Heat 2, Fight in Rio for the Future, Smash n' Magic - 5th Edition"
"Afro","BeBop",3,0,3,2,8,"Koopa Armada, Smash n' Magic - 4th Edition, Smash n' Magic - 5th Edition"
"Afro","FR7",3,3,0,6,1,"Smash N' Magic - 2nd Edition, Twilight's Awakening, Smash n' Magic - 4th Edition"
"Afro","S/Chance",3,3,0,6,2,"Twilight's Awakening, Battle Of Hyrule, Smash n' Magic - 4th Edition"
"Amortax","Haxwei",3,2,1,4,4,"Smash Season Fest: Smash Heat, Try Hard Smash in Rio #1, Smash n' Magic - 5th Edition"
"Amortax","Luffy",3,0,3,1,6,"Smash Season Fest: Falling Leaves, Twilight's Awakening, Smash n' Magic - 5th Edition"
"Amortax","Ultimate",3,1,2,2,4,"Smash Season Fest: Smash Heat, Smash Heat 2, Try Hard Smash in Rio #1"
"BeBop","RevoS",3,0,3,1,8,"Smash Heat 2, Smash N' Magic - 3rd Edition, Smash n' Magic - 5th Edition"
"BeBop","Sabino",3,0,3,1,6,"Smash N' Magic - 3rd Edition, Battle Of Hyrule, Smash n' Magic - 5th Edition"
"BeBop","Vyse",3,2,1,4,4,"Smash Season Fest: Smash Heat, Smash N' Magic - 3rd Edition, Smash n' Magic - 4th Edition"
"Chino","Naty",3,3,0,6,0,"Smash N' Magic - 2nd Edition, Smash n' Magic - 4th Edition, Smash n' Magic - 4th Edition"
"Chino","Ultimate",3,0,3,1,6,"Twilight's Awakening, Smash N' Magic - 3rd Edition, Smash n' Magic - 4th Edition"
"Haxwei","Roboto",3,1,2,3,5,"Smash N' Magic, Smash N' Magic - 2nd Edition, Smash Season Fest: Falling Leaves"
"Haxwei","S/Chance",3,2,1,4,2,"Smash N' Magic, Smash N' Magic - 2nd Edition, Smash N' Magic - 3rd Edition"
"Ihmo","Mimok",3,0,3,1,6,"Fight in Rio for the Future, Fight in Rio for the Future, Try Hard Smash in Rio #1"
"Luffy","Player 7",3,2,1,8,5,"Fight in Rio for the Future, Fight in Rio for the Future, Fight in Rio for the Future"
"Maleson","Mimok",3,0,3,0,6,"Smash Heat 2, Twilight's Awakening, Smash n' Magic - 4th Edition"
"Maleson","Ultimate",3,0,3,3,8,"Koopa Armada, Koopa Armada, Smash Season Fest: Falling Leaves"
"Mimok","Vyse",3,3,0,6,2,"Smash Season Fest: Smash Heat, Twilight's Awakening, Fight in Rio for the Future"
"Ozzy","S/Chance",3,0,3,0,6,"Smash N' Magic, Smash N' Magic - 3rd Edition, Smash n' Magic - 4th Edition"
"Roboto","Ultimate",3,1,2,3,5,"Smash N' Magic, Smash N' Magic - 2nd Edition, Smash N' Magic - 3rd Edition"
"Sabino","Ultimate",3,2,1,6,6,"Smash Season Fest: Falling Leaves, Smash Season Fest: Falling Leaves, Smash n' Magic - 5th Edition"
"Sosser","Ultimate",3,1,2,5,5,"Koopa Armada, Twilight's Awakening, Twilight's Awakening"
"Ace","Alonso",2,2,0,4,1,"Smash N' Magic - 2nd Edition, Smash Season Fest: Falling Leaves"
"Ace","Ozzy",2,2,0,4,0,"Battle Of Hyrule, Smash n' Magic - 4th Edition"
"Ace","Sabino",2,0,2,0,4,"Smash Season Fest: Smash Heat, Smash N' Magic - 3rd Edition"
"Ace","Sully",2,2,0,4,0,"Smash Season Fest: Smash Heat, Smash n' Magic - 5th Edition"
"Ace","Vyse",2,0,2,0,4,"Battle Of Hyrule, Smash n' Magic - 4th Edition"
"Afro","Amortax",2,1,1,2,3,"Twilight's Awakening, Smash n' Magic - 4th Edition"
"Afro","DJ",2,0,2,0,4,"Smash N' Magic, Smash N' Magic - 3rd Edition"
"Afro","LUGIA",2,0,2,1,4,"Smash Heat 2, Smash N' Magic"
"Alonso","Polon",2,1,1,2,2,"Smash N' Magic, Battle Of Hyrule"
"Amortax","Arch",2,2,0,5,0,"Smash Season Fest: Falling Leaves, Twilight's Awakening"
"Amortax","BeBop",2,0,2,1,5,"Smash Heat 2, Smash n' Magic - 5th Edition"
"Amortax","Considera",2,2,0,4,0,"Twilight's Awakening, Fight in Rio for the Future"
"Amortax","RevoS",2,0,2,0,5,"Twilight's Awakening, Try Hard Smash in Rio #1"
"Amortax","Sabino",2,1,1,3,3,"Smash Season Fest: Falling Leaves, Smash n' Magic - 4th Edition"
"Anubis570","Vyse",2,0,2,0,4,"Twilight's Awakening, Battle Of Hyrule"
"Arch","ChaosPrime",2,1,1,2,2,"Smash N' Magic, Twilight's Awakening"
"Arch","RevoS",2,0,2,0,4,"Try Hard Smash in Rio #1, Smash n' Magic - 5th Edition"
"Arch","Roboto",2,0,2,0,4,"Smash Season Fest: Smash Heat, Smash N' Magic - 3rd Edition"
"BeBop","Floko",2,2,0,5,1,"Battle Of Hyrule, Smash n' Magic - 4th Edition"
"BeBop","LUGIA",2,1,1,3,4,"Smash n' Magic - 4th Edition, Smash n' Magic - 5th Edition"
"BeBop","Naty",2,2,0,4,1,"Smash N' Magic - 2nd Edition, Fight in Rio for the Future"
"BeBop","S/Chance",2,0,2,0,4,"Smash N' Magic - 2nd Edition, Smash Season Fest: Falling Leaves"
"BeBop","Sosser",2,0,2,3,5,"Koopa Armada, Battle Of Hyrule"
"BeBop","Sully",2,2,0,4,0,"Fight in Rio for the Future, Smash n' Magic - 4th Edition"
"BeBop","Ultimate",2,1,1,2,3,"Koopa Armada, Battle Of Hyrule"
"Bent","Maleson",2,2,0,4,0,"Smash Season Fest: Smash Heat, Smash Heat 2"
"Bent","Roboto",2,0,2,0,5,"Smash Heat 2, Smash Heat 2"
"Burtão","Elias",2,0,2,1,4,"Koopa Armada, Koopa Armada"
"ChaosPrime","Considera",2,2,0,4,1,"Twilight's Awakening, Battle Of Hyrule"
"ChaosPrime","Cyber Twilight",2,0,2,0,4,"Smash N' Magic, Smash N' Magic - 3rd Edition"
"ChaosPrime","mysterE",2,1,1,3,2,"Smash N' Magic - 2nd Edition, Smash N' Magic - 2nd Edition"
"Chino","Haxwei",2,0,2,1,4,"Twilight's Awakening, Battle Of Hyrule"
"Chino","Rhunii",2,2,0,4,1,"Fight in Rio for the Future, Smash N' Magic - 3rd Edition"
"Chino","Sabino",2,1,1,2,2,"Fight in Rio for the Future, Smash n' Magic - 4th Edition"
"Cyber Twilight","FR7",2,2,0,4,0,"Smash N' Magic - 3rd Edition, Smash n' Magic - 4th Edition"
"Djudjo","S/Chance",2,2,0,4,0,"Smash N' Magic - 2nd Edition, Smash n' Magic - 5th Edition"
"Dr. Lemos","Roboto",2,1,1,2,3,"Koopa Armada, Smash Heat 2"
"Dr. Lemos","Sky",2,0,2,0,4,"Koopa Armada, Smash Season Fest: Smash Heat"
"Drutar","Naval",2,0,2,0,4,"Smash N' Magic, Smash N' Magic"
"Elias","Floko",2,1,1,2,2,"Fight in Rio for the Future, Fight in Rio for the Future"
"Elias","Maleson",2,1,1,2,2,"Smash Season Fest: Falling Leaves, Fight in Rio for the Future"
"Elias","RevoS",2,0,2,0,4,"Smash Season Fest: Smash Heat, Smash Season Fest: Falling Leaves"
"FireEmblem","Mick",2,2,0,4,1,"Smash N' Magic - 3rd Edition, Smash n' Magic - 5th Edition"
"FireEmblem","Ultimate",2,0,2,0,4,"Fight in Rio for the Future, Smash n' Magic - 5th Edition"
"Floko","RevoS",2,1,1,2,4,"Smash N' Magic, Smash N' Magic"
"Floko","Sky",2,0,2,0,5,"Koopa Armada, Battle Of Hyrule"
"FR7","S/Chance",2,0,2,0,4,"Smash Season Fest: Falling Leaves, Battle Of Hyrule"
"FR7","Sabino",2,0,2,0,4,"Smash Season Fest: Falling Leaves, Fight in Rio for the Future"
"FR7","Strig",2,2,0,4,0,"Fight in Rio for the Future, Battle Of Hyrule"
"Fy","LUGIA",2,0,2,0,4,"Smash n' Magic - 4th Edition, Try Hard Smash in Rio #1"
"Gim","Minus",2,0,2,2,4,"Smash Season Fest: Smash Heat, Smash n' Magic - 4th Edition"
"Gim","Ozzy",2,2,0,4,1,"Smash Season Fest: Smash Heat, Smash N' Magic - 2nd Edition"
"Gim","Roc~",2,0,2,1,4,"Smash Heat 2, Smash N' Magic - 3rd Edition"
"Gim","ThiFesta",2,2,0,4,1,"Smash Heat 2, Twilight's Awakening"
"Golfinho","Maleson",2,1,1,2,3,"Smash N' Magic - 2nd Edition, Smash N' Magic - 2nd Edition"
"Guizo","RevoS",2,0,2,0,4,"Smash N' Magic - 2nd Edition, Smash N' Magic - 3rd Edition"
"Haxwei","Ihmo",2,1,1,2,2,"Try Hard Smash in Rio #1, Smash n' Magic - 5th Edition"
"Haxwei","Joaoarara",2,0,2,1,4,"Smash Season Fest: Smash Heat, Smash N' Magic - 3rd Edition"
"Haxwei","Luffy",2,0,2,1,4,"Smash Season Fest: Falling Leaves, Twilight's Awakening"
"Haxwei","Naty",2,2,0,4,0,"Battle Of Hyrule, Smash n' Magic - 5th Edition"
"Haxwei","Ramon",2,2,0,4,1,"Smash N' Magic, Smash N' Magic"
"Haxwei","Sabino",2,0,2,1,4,"Smash Season Fest: Smash Heat, Battle Of Hyrule"
"Haxwei","ThiFesta",2,2,0,4,0,"Smash Season Fest: Smash Heat, Try Hard Smash in Rio #1"
"Haxwei","Ultimate",2,0,2,0,4,"Smash Season Fest: Falling Leaves, Smash n' Magic - 5th Edition"
"Ihmo","LUGIA",2,0,2,0,4,"Smash Heat 2, Twilight's Awakening"
"Ihmo","Mick",2,2,0,4,0,"Fight in Rio for the Future, Try Hard Smash in Rio #1"
"Ihmo","mysterE",2,1,1,3,3,"Twilight's Awakening, Battle Of Hyrule"
"Ihmo","Nenfz",2,2,0,4,1,"Battle Of Hyrule, Battle Of Hyrule"
"Ihmo","RevoS",2,0,2,0,4,"Try Hard Smash in Rio #1, Smash n' Magic - 5th Edition"
"Ihmo","Roboto",2,0,2,1,4,"Smash Season Fest: Smash Heat, Smash Season Fest: Falling Leaves"
"Jaycee","RitsuoFox",2,1,1,2,2,"Fight in Rio for the Future, Fight in Rio for the Future"
"JBB","Joaoarara",2,1,1,2,2,"Smash N' Magic - 2nd Edition, Battle Of Hyrule"
"Joaoarara","Luffy",2,0,2,0,4,"Battle Of Hyrule, Smash n' Magic - 4th Edition"
"Joaoarara","Roboto",2,0,2,0,5,"Smash Season Fest: Smash Heat, Smash n' Magic - 5th Edition"
"Joaoarara","RoD",2,2,0,4,0,"Smash Season Fest: Smash Heat, Smash N' Magic"
"Joaoarara","Strig",2,2,0,4,0,"Twilight's Awakening, Smash N' Magic - 3rd Edition"
"LeoDT","Ozzy",2,1,1,2,2,"Smash Heat 2, Smash N' Magic"
"Luffy","RitsuoFox",2,2,0,5,0,"Smash n' Magic - 4th Edition, Try Hard Smash in Rio #1"
"Luffy","Sosser",2,2,0,6,2,"Koopa Armada, Battle Of Hyrule"
"LUGIA","Roboto",2,0,2,2,4,"Smash Season Fest: Smash Heat, Smash n' Magic - 5th Edition"
"LUGIA","RoD",2,2,0,4,0,"Twilight's Awakening, Smash n' Magic - 5th Edition"
"LUGIA","Sosser",2,1,1,4,3,"Battle Of Hyrule, Battle Of Hyrule"
"Maleson","Mick",2,2,0,4,0,"Smash Season Fest: Falling Leaves, Smash n' Magic - 5th Edition"
"Maleson","Minus",2,2,0,4,1,"Smash Season Fest: Smash Heat, Smash n' Magic - 4th Edition"
"Maleson","Proliel",2,1,1,3,3,"Fight in Rio for the Future, Try Hard Smash in Rio #1"
"Maleson","RevoS",2,0,2,0,4,"Smash N' Magic, Smash N' Magic - 2nd Edition"
"Maleson","Sully",2,2,0,4,0,"Smash Season Fest: Falling Leaves, Try Hard Smash in Rio #1"
"Maleson","Zord",2,2,0,4,0,"Koopa Armada, Koopa Armada"
"Maycky","Ultimate",2,0,2,0,4,"Koopa Armada, Smash N' Magic - 2nd Edition"
"Mick","Naty",2,0,2,1,4,"Smash N' Magic, Smash n' Magic - 4th Edition"
"Mick","Ultimate",2,0,2,0,4,"Twilight's Awakening, Fight in Rio for the Future"
"Miguelindo","Ultimate",2,0,2,0,4,"Smash n' Magic - 4th Edition, Try Hard Smash in Rio #1"
"Mimok","mysterE",2,1,1,4,4,"Smash N' Magic - 2nd Edition, Fight in Rio for the Future"
"Mimok","Ozzy",2,2,0,4,1,"Fight in Rio for the Future, Smash N' Magic - 3rd Edition"
"Mimok","Sabino",2,0,2,1,4,"Smash Season Fest: Smash Heat, Smash Heat 2"
"Mimok","Sky",2,0,2,0,5,"Smash Season Fest: Smash Heat, Fight in Rio for the Future"
"Morkez","Sully",2,2,0,4,0,"Battle Of Hyrule, Try Hard Smash in Rio #1"
"mysterE","S/Chance",2,1,1,2,2,"Twilight's Awakening, Battle Of Hyrule"
"Ozzy","Ultimate",2,0,2,0,4,"Smash Season Fest: Falling Leaves, Fight in Rio for the Future"
"Player 7","Sky",2,2,0,6,1,"Fight in Rio for the Future, Fight in Rio for the Future"
"RevoS","Sosser",2,1,1,4,3,"Twilight's Awakening, Battle Of Hyrule"
"Rhunii","Sully",2,2,0,4,0,"Smash N' Magic - 3rd Edition, Smash n' Magic - 4th Edition"
"Roboto","Roc~",2,2,0,5,2,"Smash Season Fest: Smash Heat, Smash Heat 2"
"Roc~","Sabino",2,1,1,3,3,"Smash Season Fest: Smash Heat, Battle Of Hyrule"
"Roc~","Sky",2,0,2,0,5,"Smash Season Fest: Smash Heat, Smash N' Magic - 3rd Edition"
"Sabino","Sosser",2,0,2,0,5,"Koopa Armada, Battle Of Hyrule"
"Simic","Sky",2,0,2,0,4,"Smash Season Fest: Smash Heat, Smash N' Magic - 2nd Edition"
"Simic","Ultimate",2,0,2,1,4,"Smash Heat 2, Smash N' Magic"
"Sky","Sosser",2,0,2,0,5,"Twilight's Awakening, Battle Of Hyrule"
"Ultimate","Vyse",2,2,0,4,1,"Smash n' Magic - 4th Edition, Try Hard Smash in Rio #1"
"23","mysterE",1,0,1,0,2,"Fight in Rio for the Future"
"23","RitsuoFox",1,0,1,0,2,"Fight in Rio for the Future"
"Abaca","BeBop",1,0,1,2,3,"Koopa Armada"
"Abaca","BrunoLana",1,1,0,2,1,"Koopa Armada"
"Abaca","Floko",1,1,0,3,1,"Koopa Armada"
"Abaca","KD",1,1,0,2,0,"Koopa Armada"
"Abaca","Luma",1,1,0,2,0,"Koopa Armada"
"Abaca","Mini Roc",1,1,0,2,0,"Koopa Armada"
"Abaca","Monad0",1,1,0,2,0,"Koopa Armada"
"Abaca","Roc~",1,1,0,3,0,"Koopa Armada"
"Abaca","Sonic Orochi",1,1,0,2,0,"Koopa Armada"
"Abaca","Sosser",1,0,1,0,2,"Koopa Armada"
"Ace","Alunir",1,1,0,2,0,"Fight in Rio for the Future"
"Ace","Amortax",1,0,1,0,2,"Smash n' Magic - 5th Edition"
"Ace","ChaosPrime",1,0,1,1,2,"Smash N' Magic"
"Ace","Chaud",1,0,1,0,2,"Fight in Rio for the Future"
"Ace","Chino",1,0,1,1,2,"Fight in Rio for the Future"
"Ace","Dark Fox",1,0,1,0,2,"Smash n' Magic - 4th Edition"
"Ace","Djudjo",1,0,1,1,2,"Smash N' Magic - 2nd Edition"
"Ace","FireEmblem",1,0,1,0,2,"Smash n' Magic - 5th Edition"
"Ace","FR7",1,1,0,2,0,"Smash Season Fest: Smash Heat"
"Ace","HeadBenzi",1,0,1,0,2,"Smash Heat 2"
"Ace","Ihmo",1,0,1,0,2,"Battle Of Hyrule"
"Ace","Lance",1,1,0,2,1,"Smash Heat 2"
"Ace","Luckstorm",1,0,1,0,2,"Smash N' Magic - 3rd Edition"
"Ace","Luffy",1,0,1,0,2,"Smash N' Magic"
"Ace","Magician",1,1,0,2,0,"Smash N' Magic"
"Ace","Maycky",1,0,1,1,2,"Smash N' Magic - 2nd Edition"
"Ace","Mimok",1,0,1,1,2,"Smash Heat 2"
"Ace","Muju",1,0,1,0,2,"Smash Season Fest: Falling Leaves"
"Ace","Nenfz",1,1,0,2,0,"Fight in Rio for the Future"
"Ace","P.Vicious",1,1,0,2,0,"Smash N' Magic - 3rd Edition"
"Ace","Polon",1,1,0,2,0,"Smash N' Magic - 2nd Edition"
"Ace","Ren",1,1,0,2,0,"Battle Of Hyrule"
"Ace","RndNess",1,1,0,2,0,"Smash N' Magic"
"Ace","S/Chance",1,1,0,2,0,"Smash n' Magic - 5th Edition"
"Ace","Snek",1,1,0,2,0,"Smash N' Magic - 3rd Edition"
"Ace","Strig",1,1,0,2,0,"Smash n' Magic - 4th Edition"
"Ace","ThiFesta",1,0,1,1,2,"Smash Season Fest: Smash Heat"
"Ace","Ultimate",1,0,1,0,2,"Smash Season Fest: Falling Leaves"
"Afro","Arch",1,1,0,2,0,"Smash n' Magic - 5th Edition"
"Afro","Bayo",1,1,0,2,0,"Fight in Rio for the Future"
"Afro","Blaze",1,1,0,2,0,"Koopa Armada"
"Afro","ChaosPrime",1,1,0,2,0,"Smash N' Magic"
"Afro","Chino",1,0,1,1,2,"Smash N' Magic - 2nd Edition"
"Afro","Considera",1,1,0,2,0,"Battle Of Hyrule"
"Afro","Cyber Twilight",1,0,1,1,2,"Koopa Armada"
"Afro","Djudjo",1,0,1,1,2,"Smash N' Magic - 2nd Edition"
"Afro","FireEmblem",1,1,0,2,0,"Smash N' Magic - 3rd Edition"
"Afro","Firinplinplin",1,0,1,0,2,"Twilight's Awakening"
"Afro","Gim",1,1,0,2,0,"Battle Of Hyrule"
"Afro","GUCCI",1,1,0,2,1,"Smash N' Magic - 3rd Edition"
"Afro","HeadBenzi",1,1,0,2,1,"Smash Season Fest: Smash Heat"
"Afro","Ihmo",1,0,1,0,2,"Smash n' Magic - 5th Edition"
"Afro","IzZI127",1,1,0,2,0,"Koopa Armada"
"Afro","Jab Air",1,1,0,3,2,"Koopa Armada"
"Afro","Joaoarara",1,0,1,0,2,"Fight in Rio for the Future"
"Afro","LeoDT",1,0,1,0,2,"Smash Heat 2"
"Afro","Lorenzo",1,1,0,2,0,"Koopa Armada"
"Afro","Maleson",1,1,0,2,1,"Twilight's Awakening"
"Afro","Mimok",1,0,1,0,2,"Smash n' Magic - 4th Edition"
"Afro","Morkez",1,1,0,2,1,"Smash N' Magic - 3rd Edition"
"Afro","Mr. Z",1,1,0,2,0,"Koopa Armada"
"Afro","mysterE",1,0,1,1,2,"Smash N' Magic - 3rd Edition"
"Afro","Prime",1,1,0,2,0,"Smash Season Fest: Smash Heat"
"Afro","RevoS",1,0,1,0,2,"Battle Of Hyrule"
"Afro","Rhunii",1,1,0,2,0,"Smash n' Magic - 4th Edition"
"Afro","Roboto",1,1,0,2,0,"Smash Season Fest: Smash Heat"
"Afro","Roc~",1,0,1,2,3,"Smash Season Fest: Smash Heat"
"Afro","Sabino",1,0,1,1,2,"Battle Of Hyrule"
"Afro","Simic",1,1,0,2,1,"Smash N' Magic - 2nd Edition"
"Afro","Talberon",1,1,0,2,0,"Smash N' Magic - 3rd Edition"
"Afro","Tuca",1,0,1,0,2,"Fight in Rio for the Future"
"Afro","Vyse",1,1,0,2,0,"Koopa Armada"
"Aisengobay","BrianGun",1,0,1,0,2,"Koopa Armada"
"Alonso","Amortax",1,0,1,0,2,"Smash Heat 2"
"Alonso","Conker",1,1,0,2,0,"Smash N' Magic - 2nd Edition"
"Alonso","Dypherius",1,1,0,2,0,"Battle Of Hyrule"
"Alonso","FireEmblem",1,0,1,1,2,"Smash N' Magic - 3rd Edition"
"Alonso","Floko",1,0,1,0,2,"Smash N' Magic"
"Alonso","FR7",1,0,1,1,2,"Smash Season Fest: Falling Leaves"
"Alonso","FritzThe2",1,1,0,2,0,"Smash N' Magic"
"Alonso","Fy",1,1,0,2,0,"Battle Of Hyrule"
"Alonso","Joaoarara",1,0,1,0,2,"Smash N' Magic - 3rd Edition"
"Alonso","Maleson",1,0,1,0,2,"Battle Of Hyrule"
"Alonso","Ozzy",1,1,0,2,0,"Smash Season Fest: Falling Leaves"
"Alonso","Pete",1,1,0,2,0,"Smash Heat 2"
"Alonso","Roc~",1,0,1,0,2,"Smash Heat 2"
"Alonso","S/Chance",1,0,1,0,2,"Smash N' Magic - 2nd Edition"
"Alonso","Simic",1,1,0,2,0,"Smash Heat 2"
"Alonso","Sully",1,1,0,2,0,"Battle Of Hyrule"
"Alunir","LukeThomaz",1,1,0,2,0,"Fight in Rio for the Future"
"Alunir","Roboto",1,0,1,0,2,"Fight in Rio for the Future"
"Amortax","Anubis570",1,1,0,2,0,"Battle Of Hyrule"
"Amortax","Bent",1,0,1,0,2,"Smash Heat 2"
"Amortax","Burtão",1,1,0,2,0,"Smash Season Fest: Smash Heat"
"Amortax","DSK",1,1,0,2,0,"Smash Season Fest: Falling Leaves"
"Amortax","Fakinha",1,1,0,2,0,"Smash Season Fest: Smash Heat"
"Amortax","FireEmblem",1,1,0,2,1,"Battle Of Hyrule"
"Amortax","Floko",1,1,0,2,0,"Try Hard Smash in Rio #1"
"Amortax","FR7",1,1,0,2,0,"Try Hard Smash in Rio #1"
"Amortax","Fy",1,1,0,2,0,"Smash n' Magic - 5th Edition"
"Amortax","Gim",1,1,0,2,0,"Smash n' Magic - 4th Edition"
"Amortax","Ihmo",1,0,1,0,2,"Fight in Rio for the Future"
"Amortax","Joaoarara",1,0,1,1,2,"Battle Of Hyrule"
"Amortax","Luckstorm",1,1,0,2,0,"Try Hard Smash in Rio #1"
"Amortax","LUGIA",1,0,1,0,2,"Smash n' Magic - 4th Edition"
"Amortax","Maleson",1,1,0,2,1,"Smash Season Fest: Falling Leaves"
"Amortax","Mimok",1,1,0,2,0,"Fight in Rio for the Future"
"Amortax","mysterE",1,1,0,3,2,"Twilight's Awakening"
"Amortax","Naval",1,1,0,2,1,"Smash Season Fest: Falling Leaves"
"Amortax","RitsuoFox",1,1,0,2,1,"Try Hard Smash in Rio #1"
"Amortax","S/Chance",1,1,0,2,1,"Smash Season Fest: Smash Heat"
"Amortax","Sky",1,0,1,0,2,"Fight in Rio for the Future"
"Anal_utz","Ozzy",1,0,1,0,2,"Smash N' Magic - 2nd Edition"
"Anal_utz","Simic",1,0,1,0,2,"Smash N' Magic - 2nd Edition"
"Anubis570","FireEmblem",1,0,1,0,2,"Smash n' Magic - 5th Edition"
"Anubis570","FR7",1,1,0,2,0,"Twilight's Awakening"
"Anubis570","Fy",1,0,1,0,2,"Smash n' Magic - 5th Edition"
"Anubis570","LA FLAMME",1,1,0,2,0,"Battle Of Hyrule"
"Anubis570","Maleson",1,0,1,0,2,"Twilight's Awakening"
"Anubis570","Nenfz",1,0,1,1,2,"Fight in Rio for the Future"
"Anubis570","Sabino",1,0,1,0,2,"Fight in Rio for the Future"
"Anubis570","Strig",1,1,0,2,1,"Fight in Rio for the Future"
"Arch","Bent",1,0,1,0,2,"Smash Heat 2"
"Arch","DJ",1,0,1,1,2,"Smash N' Magic"
"Arch","Dypherius",1,1,0,2,1,"Battle Of Hyrule"
"Arch","Flamon",1,1,0,2,1,"Smash Season Fest: Smash Heat"
"Arch","Floko",1,0,1,0,2,"Battle Of Hyrule"
"Arch","Haxwei",1,0,1,1,2,"Try Hard Smash in Rio #1"
"Arch","HeadBenzi",1,0,1,0,2,"Smash Heat 2"
"Arch","Jao",1,1,0,2,1,"Smash Season Fest: Smash Heat"
"Arch","Jayache",1,1,0,2,0,"Try Hard Smash in Rio #1"
"Arch","JBB",1,0,1,0,2,"Twilight's Awakening"
"Arch","Joaoarara",1,0,1,0,2,"Smash N' Magic - 3rd Edition"
"Arch","LeoDT",1,1,0,2,0,"Smash Season Fest: Smash Heat"
"Arch","LUGIA",1,0,1,0,2,"Smash Season Fest: Falling Leaves"
"Arch","Maleson",1,0,1,0,2,"Battle Of Hyrule"
"Arch","Mick",1,1,0,2,0,"Battle Of Hyrule"
"Arch","Morkez",1,1,0,2,1,"Battle Of Hyrule"
"Arch","Prime",1,0,1,1,2,"Smash Season Fest: Smash Heat"
"Arch","Ren",1,1,0,2,0,"Smash n' Magic - 4th Edition"
"Arch","Rhunii",1,0,1,0,2,"Smash n' Magic - 4th Edition"
"Arch","RitsuoFox",1,0,1,0,2,"Smash n' Magic - 4th Edition"
"Arch","RndNess",1,1,0,2,1,"Smash N' Magic"
"Arch","RoD",1,1,0,2,0,"Smash Season Fest: Falling Leaves"
"Arch","S/Chance",1,1,0,2,0,"Smash Season Fest: Falling Leaves"
"Artch","Dethnerv",1,0,1,1,2,"Koopa Armada"
"Artch","Prolo",1,0,1,0,2,"Koopa Armada"
"Arthunnis","Jao",1,0,1,0,2,"Smash n' Magic - 4th Edition"
"Arthunnis","Shinomori",1,0,1,1,2,"Smash n' Magic - 4th Edition"
"Axe","FR7",1,0,1,0,2,"Smash n' Magic - 5th Edition"
"Axe","Naty",1,0,1,0,2,"Smash n' Magic - 5th Edition"
"Bach","Burtão",1,0,1,0,2,"Smash Season Fest: Smash Heat"
"Bach","Ihmo",1,0,1,1,2,"Smash N' Magic"
"Bach","Luffy",1,0,1,0,2,"Smash Season Fest: Falling Leaves"
"Bach","Maleson",1,0,1,0,2,"Smash N' Magic"
"Bach","Morkez",1,0,1,0,2,"Smash N' Magic - 2nd Edition"
"Bach","Oops",1,0,1,0,2,"Smash N' Magic - 2nd Edition"
"Bach","Pete",1,1,0,2,1,"Smash N' Magic"
"Bach","RoD",1,0,1,0,2,"Smash Season Fest: Smash Heat"
"Bach","Sully",1,0,1,0,2,"Smash Season Fest: Falling Leaves"
"Bayo","Snek",1,0,1,0,2,"Fight in Rio for the Future"
"Bbrazils","Conker",1,0,1,1,2,"Smash N' Magic - 2nd Edition"
"Bbrazils","Ramon",1,0,1,1,2,"Smash N' Magic"
"Bbrazils","S/Chance",1,0,1,0,2,"Smash N' Magic - 2nd Edition"
"Bbrazils","Snek",1,1,0,2,1,"Smash N' Magic"
"Bbrazils","Vallcrist",1,0,1,1,2,"Smash N' Magic"
"BeBop","Bent",1,0,1,0,2,"Smash Season Fest: Smash Heat"
"BeBop","ChaosPrime",1,1,0,2,0,"Battle Of Hyrule"
"BeBop","Chino",1,0,1,0,2,"Smash N' Magic - 2nd Edition"
"BeBop","Cyber Twilight",1,1,0,2,0,"Smash n' Magic - 4th Edition"
"BeBop","Daftmind",1,1,0,2,0,"Koopa Armada"
"BeBop","Elias",1,1,0,2,0,"Koopa Armada"
"BeBop","FR7",1,1,0,2,0,"Smash n' Magic - 5th Edition"
"BeBop","Fy",1,1,0,2,0,"Smash N' Magic - 2nd Edition"
"BeBop","Gim",1,1,0,2,0,"Smash Heat 2"
"BeBop","HeadBenzi",1,1,0,2,0,"Smash Season Fest: Falling Leaves"
"BeBop","Ihmo",1,0,1,1,2,"Smash N' Magic"
"BeBop","Joaoarara",1,1,0,2,0,"Smash n' Magic - 4th Edition"
"BeBop","Korn",1,1,0,2,0,"Koopa Armada"
"BeBop","Magician",1,1,0,2,0,"Battle Of Hyrule"
"BeBop","Mimok",1,1,0,3,0,"Smash Heat 2"
"BeBop","Najjar",1,1,0,2,0,"Battle Of Hyrule"
"BeBop","Nyer",1,1,0,2,1,"Fight in Rio for the Future"
"BeBop","Ozzy",1,1,0,2,1,"Smash n' Magic - 5th Edition"
"BeBop","Pete",1,1,0,2,0,"Smash Season Fest: Smash Heat"
"BeBop","Polon",1,1,0,2,0,"Smash N' Magic"
"BeBop","Proliel",1,0,1,0,2,"Fight in Rio for the Future"
"BeBop","Rates",1,1,0,2,0,"Smash Heat 2"
"BeBop","RitsuoFox",1,0,1,1,2,"Smash n' Magic - 4th Edition"
"BeBop","RndNess",1,1,0,2,1,"Smash Season Fest: Smash Heat"
"BeBop","Roboto",1,0,1,1,3,"Smash Heat 2"
"BeBop","Roc~",1,1,0,2,0,"Battle Of Hyrule"
"Bent","Ditro",1,1,0,2,1,"Smash Season Fest: Smash Heat"
"Bent","LUGIA",1,1,0,2,1,"Smash Heat 2"
"Bent","Prime",1,0,1,0,2,"Smash Season Fest: Smash Heat"
"Bent","S/Chance",1,1,0,2,1,"Smash Season Fest: Smash Heat"
"Bent","Ultimate",1,0,1,1,2,"Smash Season Fest: Smash Heat"
"Blaze","Thales",1,0,1,1,2,"Koopa Armada"
"Botrek","Conker",1,1,0,2,0,"Smash n' Magic - 5th Edition"
"Botrek","Proliel",1,0,1,0,2,"Smash n' Magic - 5th Edition"
"Botrek","Roboto",1,0,1,0,2,"Smash n' Magic - 5th Edition"
"BrianGun","Cyber Twilight",1,0,1,1,2,"Koopa Armada"
"BrianGun","Mick",1,1,0,2,0,"Koopa Armada"
"BrianGun","Moonflair",1,1,0,2,1,"Koopa Armada"
"BrianGun","Roc~",1,0,1,0,2,"Koopa Armada"
"BrunoLana","Jayache",1,1,0,2,0,"Koopa Armada"
"BrunoLana","MiniGoku",1,0,1,1,2,"Koopa Armada"
"Burtão","Frostfire",1,1,0,2,1,"Koopa Armada"
"Burtão","Gim",1,1,0,2,0,"Koopa Armada"
"Burtão","GodUsopp",1,1,0,2,0,"Koopa Armada"
"Burtão","JoJo Rama",1,1,0,2,0,"Smash Heat 2"
"Burtão","LeoDT",1,0,1,0,2,"Smash Heat 2"
"Burtão","Pete",1,1,0,2,0,"Smash Season Fest: Smash Heat"
"Burtão","Roc~",1,0,1,1,2,"Smash Season Fest: Smash Heat"
"Burtão","RoD",1,1,0,2,1,"Koopa Armada"
"Burtão","Sabino",1,0,1,0,2,"Smash Heat 2"
"Burtão","ThiFesta",1,1,0,2,0,"Koopa Armada"
"Calvao","Luij",1,0,1,0,2,"Koopa Armada"
"Calvao","Prolo",1,0,1,0,2,"Koopa Armada"
"Caveira","Golfinho",1,0,1,0,2,"Smash N' Magic - 2nd Edition"
"Caveira","Saiduke",1,0,1,0,2,"Smash N' Magic - 2nd Edition"
"Celly","IzZI127",1,0,1,0,2,"Koopa Armada"
"Celly","Mick",1,0,1,0,2,"Koopa Armada"
"Chadin","ChaosPrime",1,0,1,0,2,"Battle Of Hyrule"
"Chadin","DSK",1,0,1,1,2,"Battle Of Hyrule"
"Chadin","LCS",1,1,0,2,1,"Battle Of Hyrule"
"Chadin","LonLon",1,1,0,2,0,"Battle Of Hyrule"
"ChaosPrime","DSK",1,1,0,2,0,"Battle Of Hyrule"
"ChaosPrime","Elias",1,1,0,2,1,"Smash N' Magic - 2nd Edition"
"ChaosPrime","FireEmblem",1,0,1,0,2,"Smash n' Magic - 4th Edition"
"ChaosPrime","FR7",1,1,0,2,1,"Smash N' Magic"
"ChaosPrime","Fy",1,0,1,1,2,"Smash n' Magic - 4th Edition"
"ChaosPrime","GUCCI",1,1,0,2,0,"Twilight's Awakening"
"ChaosPrime","Haxwei",1,0,1,0,2,"Twilight's Awakening"
"ChaosPrime","Jayache",1,1,0,2,0,"Smash n' Magic - 4th Edition"
"ChaosPrime","Joaoarara",1,0,1,0,2,"Smash n' Magic - 5th Edition"
"ChaosPrime","Lou",1,1,0,2,0,"Smash N' Magic - 3rd Edition"
"ChaosPrime","LUGIA",1,0,1,0,2,"Smash n' Magic - 5th Edition"
"ChaosPrime","Maleson",1,1,0,2,0,"Smash N' Magic"
"ChaosPrime","mega",1,1,0,2,0,"Smash n' Magic - 5th Edition"
"ChaosPrime","Mimok",1,0,1,0,2,"Smash N' Magic - 3rd Edition"
"ChaosPrime","Minus",1,1,0,2,0,"Smash n' Magic - 4th Edition"
"ChaosPrime","Pete",1,0,1,1,2,"Smash Heat 2"
"ChaosPrime","Roboto",1,0,1,0,2,"Smash N' Magic - 2nd Edition"
"ChaosPrime","RoD",1,1,0,2,1,"Smash Heat 2"
"ChaosPrime","Ryvius",1,1,0,2,0,"Smash N' Magic"
"ChaosPrime","S/Chance",1,0,1,1,2,"Battle Of Hyrule"
"ChaosPrime","Saiduke",1,1,0,2,1,"Smash N' Magic - 2nd Edition"
"ChaosPrime","Sully",1,1,0,2,0,"Smash N' Magic - 2nd Edition"
"ChaosPrime","Ultimate",1,0,1,0,2,"Smash Heat 2"
"chapeudopresto","D4C",1,1,0,2,0,"Koopa Armada"
"chapeudopresto","FullMoon",1,0,1,0,2,"Koopa Armada"
"chapeudopresto","Linus",1,1,0,2,0,"Koopa Armada"
"chapeudopresto","Roboto",1,0,1,0,2,"Koopa Armada"
"Chaud","Jayache",1,1,0,2,0,"Fight in Rio for the Future"
"Chaud","Nenfz",1,1,0,2,0,"Fight in Rio for the Future"
"Chaud","Player 7",1,0,1,0,2,"Fight in Rio for the Future"
"Chaud","Roboto",1,0,1,0,2,"Fight in Rio for the Future"
"Chaud","Sabino",1,1,0,2,0,"Fight in Rio for the Future"
"Chino","FireEmblem",1,0,1,1,2,"Smash N' Magic - 3rd Edition"
"Chino","FR7",1,1,0,2,0,"Fight in Rio for the Future"
"Chino","Gim",1,1,0,2,0,"Twilight's Awakening"
"Chino","Golfinho",1,1,0,2,0,"Smash N' Magic - 2nd Edition"
"Chino","Joaoarara",1,1,0,2,1,"Twilight's Awakening"
"Chino","Luckstorm",1,1,0,2,0,"Battle Of Hyrule"
"Chino","Luffy",1,0,1,0,2,"Smash n' Magic - 4th Edition"
"Chino","Miguelindo",1,1,0,2,0,"Twilight's Awakening"
"Chino","Player 7",1,0,1,0,2,"Fight in Rio for the Future"
"Chino","Roboto",1,0,1,0,3,"Smash N' Magic - 2nd Edition"
"Chino","Roc~",1,0,1,0,2,"Battle Of Hyrule"
"Chino","Sky",1,0,1,0,2,"Smash N' Magic - 2nd Edition"
"Chino","Steel",1,1,0,2,0,"Smash n' Magic - 4th Edition"
"Conker","mega",1,0,1,0,2,"Smash n' Magic - 5th Edition"
"Conker","Miguelindo",1,0,1,0,2,"Smash n' Magic - 4th Edition"
"Conker","Ren",1,0,1,0,2,"Smash N' Magic - 3rd Edition"
"Conker","Roboto",1,0,1,0,2,"Smash N' Magic - 2nd Edition"
"Conker","Strig",1,0,1,0,2,"Smash n' Magic - 4th Edition"
"Conker","Vyse",1,0,1,0,2,"Smash N' Magic - 3rd Edition"
"Considera","Ihmo",1,0,1,1,2,"Fight in Rio for the Future"
"Considera","Leow",1,1,0,2,0,"Battle Of Hyrule"
"Considera","Maleson",1,0,1,0,2,"Smash N' Magic"
"Considera","Polon",1,0,1,1,2,"Smash N' Magic"
"Considera","Raphael Vieitas",1,1,0,2,0,"Smash N' Magic"
"Crisiru07","FR7",1,0,1,0,2,"Smash n' Magic - 4th Edition"
"Crisiru07","Fy",1,0,1,0,2,"Smash N' Magic - 3rd Edition"
"Crisiru07","Guizo",1,0,1,0,2,"Smash N' Magic - 3rd Edition"
"Crisiru07","Sully",1,0,1,1,2,"Smash n' Magic - 4th Edition"
"Cyber Twilight","DJ",1,0,1,0,2,"Smash N' Magic - 3rd Edition"
"Cyber Twilight","Guizo",1,1,0,2,0,"Smash n' Magic - 4th Edition"
"Cyber Twilight","LeoDT",1,1,0,2,0,"Smash N' Magic"
"Cyber Twilight","Luffy",1,0,1,0,3,"Koopa Armada"
"Cyber Twilight","Maleson",1,0,1,0,3,"Koopa Armada"
"Cyber Twilight","Naval",1,1,0,2,0,"Smash N' Magic"
"Cyber Twilight","Ren",1,1,0,2,0,"Smash n' Magic - 4th Edition"
"Cyber Twilight","RevoS",1,0,1,0,3,"Smash N' Magic"
"Cyber Twilight","RitsuoFox",1,0,1,1,2,"Smash n' Magic - 4th Edition"
"Cyber Twilight","Roboto",1,1,0,3,2,"Koopa Armada"
"Cyber Twilight","Sabino",1,0,1,0,2,"Smash N' Magic - 3rd Edition"
"Cyber Twilight","Sky",1,0,1,1,2,"Smash N' Magic"
"Cyber Twilight","Vyse",1,1,0,2,0,"Koopa Armada"
"D4C","Guizo",1,0,1,0,2,"Koopa Armada"
"D4C","mysterE",1,0,1,0,2,"Twilight's Awakening"
"D4C","RoD",1,0,1,0,2,"Twilight's Awakening"
"Daftmind","Owlogy",1,1,0,2,0,"Koopa Armada"
"Daftmind","RoD",1,0,1,0,2,"Koopa Armada"
"Daftmind","Zombie Hunter",1,1,0,2,0,"Koopa Armada"
"Danny","Monad0",1,0,1,0,2,"Koopa Armada"
"Dark Fox","Miguelindo",1,0,1,0,2,"Smash n' Magic - 4th Edition"
"Dark Fox","Shiv",1,1,0,2,1,"Smash n' Magic - 4th Edition"
"Dark Fox","Vyse",1,0,1,0,2,"Smash n' Magic - 4th Edition"
"Dcay","Naty",1,0,1,0,2,"Smash Season Fest: Smash Heat"
"Decnop","Naty",1,0,1,0,2,"Smash N' Magic"
"Decnop","Sandman",1,0,1,1,2,"Smash N' Magic"
"Dethnerv","Jab Air",1,0,1,0,2,"Koopa Armada"
"Dethnerv","Luij",1,1,0,2,0,"Koopa Armada"
"Dethnerv","Sonic Orochi",1,0,1,0,2,"Koopa Armada"
"diguetake","Elias",1,0,1,0,2,"Fight in Rio for the Future"
"diguetake","Sully",1,0,1,1,2,"Fight in Rio for the Future"
"DJ","FR7",1,1,0,2,1,"Smash N' Magic"
"DJ","Joaoarara",1,0,1,0,3,"Smash N' Magic - 3rd Edition"
"DJ","Kira",1,1,0,2,0,"Smash N' Magic"
"DJ","Luckstorm",1,1,0,2,0,"Smash N' Magic - 3rd Edition"
"DJ","Luffy",1,0,1,0,2,"Smash N' Magic"
"DJ","Mimok",1,0,1,0,2,"Smash N' Magic - 3rd Edition"
"DJ","RevoS",1,0,1,0,2,"Smash N' Magic"
"DJ","Sabino",1,1,0,2,0,"Smash N' Magic - 3rd Edition"
"Djudjo","FireEmblem",1,0,1,0,2,"Smash n' Magic - 5th Edition"
"Djudjo","Fy",1,1,0,2,0,"Smash n' Magic - 5th Edition"
"Djudjo","João Lagoas",1,0,1,0,2,"Smash N' Magic - 2nd Edition"
"Djudjo","Joaoarara",1,1,0,2,0,"Smash n' Magic - 5th Edition"
"Djudjo","Maleson",1,1,0,2,0,"Smash n' Magic - 5th Edition"
"Djudjo","Sabino",1,0,1,0,2,"Smash n' Magic - 5th Edition"
"Djudjo","Ultimate",1,0,1,0,2,"Smash N' Magic - 2nd Edition"
"donotc0ntinue","Elias",1,0,1,0,2,"Koopa Armada"
"donotc0ntinue","Maycky",1,0,1,0,2,"Koopa Armada"
"donotc0ntinue","Pe de Moleque",1,1,0,2,1,"Koopa Armada"
"Dottori","FR7",1,0,1,0,2,"Smash N' Magic"
"Dottori","JoJo Rama",1,1,0,2,0,"Smash N' Magic"
"Dottori","LUGIA",1,0,1,0,2,"Smash N' Magic"
"Dr. Lemos","Drei",1,1,0,2,0,"Koopa Armada"
"Dr. Lemos","Elias",1,0,1,1,2,"Smash Season Fest: Smash Heat"
"Dr. Lemos","Joaoarara",1,0,1,0,2,"Koopa Armada"
"Dr. Lemos","Naval",1,1,0,2,0,"Smash Heat 2"
"Dr. Lemos","Ozzy",1,1,0,2,0,"Smash Heat 2"
"Dr. Lemos","Roc~",1,1,0,2,1,"Smash Heat 2"
"Dr. Lemos","Sabino",1,0,1,1,3,"Smash Heat 2"
"Drei","Kanto",1,1,0,2,0,"Koopa Armada"
"Drei","Miguelindo",1,1,0,2,1,"Koopa Armada"
"Drei","SKPeter",1,0,1,0,2,"Koopa Armada"
"Drutar","Naty",1,1,0,2,0,"Smash N' Magic"
"Drutar","Unexpected",1,1,0,2,0,"Smash N' Magic"
"DSK","Dypherius",1,0,1,0,2,"Try Hard Smash in Rio #1"
"DSK","FR7",1,1,0,2,0,"Battle Of Hyrule"
"DSK","Fy",1,0,1,0,2,"Smash N' Magic - 3rd Edition"
"DSK","Guizo",1,0,1,0,2,"Smash N' Magic - 3rd Edition"
"DSK","mysterE",1,0,1,0,2,"Battle Of Hyrule"
"DSK","Rates",1,0,1,1,2,"Smash Season Fest: Falling Leaves"
"DSK","Vyse",1,0,1,1,2,"Try Hard Smash in Rio #1"
"Dypherius","Fy",1,0,1,0,2,"Smash n' Magic - 4th Edition"
"Dypherius","Gim",1,0,1,1,2,"Smash n' Magic - 4th Edition"
"Dypherius","Luckstorm",1,0,1,0,2,"Try Hard Smash in Rio #1"
"Dypherius","Miguelindo",1,0,1,0,2,"Try Hard Smash in Rio #1"
"Elias","GUCCI",1,1,0,2,1,"Fight in Rio for the Future"
"Elias","Haxwei",1,0,1,0,2,"Smash Season Fest: Smash Heat"
"Elias","HeadBenzi",1,1,0,2,0,"Smash Season Fest: Falling Leaves"
"Elias","Janjão",1,0,1,1,2,"Fight in Rio for the Future"
"Elias","JBB",1,1,0,2,1,"Smash N' Magic - 2nd Edition"
"Elias","Luckstorm",1,1,0,2,0,"Smash Season Fest: Falling Leaves"
"Elias","Luffy",1,0,1,0,2,"Smash N' Magic - 2nd Edition"
"Elias","Proliel",1,1,0,2,1,"Fight in Rio for the Future"
"Elias","Roboto",1,0,1,0,3,"Koopa Armada"
"Elias","Wright",1,1,0,2,0,"Smash N' Magic - 2nd Edition"
"Fakinha","Flamon",1,1,0,2,0,"Smash Season Fest: Smash Heat"
"Fakinha","Floko",1,0,1,0,2,"Koopa Armada"
"Fakinha","FullMoon",1,1,0,2,1,"Koopa Armada"
"Fakinha","Gotelho",1,1,0,2,0,"Koopa Armada"
"Fakinha","Naty",1,1,0,2,0,"Smash Season Fest: Smash Heat"
"Fakinha","Quantumleaper NEO",1,1,0,2,0,"Koopa Armada"
"Fakinha","Roboto",1,0,1,0,2,"Koopa Armada"
"Fakinha","Vyse",1,0,1,1,2,"Smash Season Fest: Smash Heat"
"Ferrantini","Jayache",1,0,1,0,2,"Fight in Rio for the Future"
"Ferrantini","Nenfz",1,0,1,1,2,"Fight in Rio for the Future"
"FireEmblem","GUCCI",1,1,0,2,0,"Battle Of Hyrule"
"FireEmblem","LA FLAMME",1,1,0,2,0,"Battle Of Hyrule"
"FireEmblem","Luffy",1,0,1,0,2,"Smash n' Magic - 5th Edition"
"FireEmblem","LUGIA",1,0,1,0,2,"Smash n' Magic - 4th Edition"
"FireEmblem","Mimok",1,0,1,0,2,"Fight in Rio for the Future"
"FireEmblem","Minus",1,0,1,0,2,"Smash n' Magic - 4th Edition"
"FireEmblem","Nenfz",1,0,1,1,2,"Battle Of Hyrule"
"FireEmblem","Proliel",1,1,0,2,0,"Smash n' Magic - 5th Edition"
"FireEmblem","Roboto",1,0,1,0,2,"Smash N' Magic - 3rd Edition"
"FireEmblem","S/Chance",1,1,0,2,1,"Fight in Rio for the Future"
"FireEmblem","Strig",1,1,0,2,0,"Smash N' Magic - 3rd Edition"
"FireEmblem","Vyse",1,1,0,2,0,"Fight in Rio for the Future"
"Firinplinplin","FR7",1,1,0,2,0,"Smash N' Magic - 2nd Edition"
"Firinplinplin","Naty",1,0,1,0,2,"Smash N' Magic - 2nd Edition"
"Firinplinplin","RevoS",1,0,1,0,2,"Twilight's Awakening"
"Firinplinplin","Sky",1,0,1,0,2,"Smash N' Magic - 2nd Edition"
"Firinplinplin","Vyse",1,0,1,1,2,"Twilight's Awakening"
"Flamon","FR7",1,0,1,0,2,"Smash Season Fest: Falling Leaves"
"Flamon","Muju",1,0,1,0,2,"Smash Season Fest: Falling Leaves"
"Floko","Fy",1,1,0,2,0,"Battle Of Hyrule"
"Floko","Gim",1,1,0,2,0,"Smash N' Magic"
"Floko","Guizo",1,1,0,2,0,"Koopa Armada"
"Floko","Ihmo",1,1,0,2,0,"Smash N' Magic"
"Floko","Janjão",1,0,1,0,2,"Fight in Rio for the Future"
"Floko","Joaoarara",1,1,0,2,0,"Smash N' Magic - 2nd Edition"
"Floko","Kanto",1,1,0,2,0,"Koopa Armada"
"Floko","Luffy",1,0,1,1,3,"Smash N' Magic"
"Floko","Maleson",1,1,0,2,1,"Try Hard Smash in Rio #1"
"Floko","Mimok",1,0,1,0,2,"Try Hard Smash in Rio #1"
"Floko","Morkez",1,1,0,2,0,"Try Hard Smash in Rio #1"
"Floko","RitsuoFox",1,0,1,0,3,"Smash n' Magic - 4th Edition"
"Floko","S/Chance",1,1,0,2,1,"Smash n' Magic - 4th Edition"
"Floko","Strig",1,1,0,2,0,"Smash n' Magic - 4th Edition"
"Floko","Sully",1,1,0,2,0,"Fight in Rio for the Future"
"Floko","Ultimate",1,1,0,2,0,"Smash n' Magic - 4th Edition"
"Floko","Wright",1,1,0,2,0,"Smash N' Magic - 2nd Edition"
"FR7","Gim",1,1,0,2,1,"Smash n' Magic - 5th Edition"
"FR7","Haxwei",1,0,1,0,2,"Smash n' Magic - 5th Edition"
"FR7","Jayache",1,1,0,2,1,"Fight in Rio for the Future"
"FR7","LonLon",1,1,0,2,0,"Battle Of Hyrule"
"FR7","Luckstorm",1,0,1,0,2,"Smash N' Magic - 3rd Edition"
"FR7","Mick",1,1,0,2,0,"Try Hard Smash in Rio #1"
"FR7","RevoS",1,0,1,0,2,"Smash Season Fest: Smash Heat"
"FR7","RitsuoFox",1,0,1,0,2,"Try Hard Smash in Rio #1"
"FR7","RoD",1,1,0,2,0,"Smash n' Magic - 4th Edition"
"FR7","Shinomori",1,1,0,2,0,"Smash n' Magic - 5th Edition"
"FritzThe2","Gim",1,0,1,0,2,"Smash N' Magic"
"Frostfire","Neptune",1,0,1,0,2,"Koopa Armada"
"FullMoon","Joaoarara",1,0,1,1,2,"Koopa Armada"
"FullMoon","TROVS",1,1,0,2,0,"Koopa Armada"
"Fy","GUCCI",1,1,0,2,1,"Twilight's Awakening"
"Fy","Haxwei",1,0,1,0,2,"Smash N' Magic - 3rd Edition"
"Fy","JBB",1,0,1,1,2,"Twilight's Awakening"
"Fy","Luffy",1,0,1,0,2,"Twilight's Awakening"
"Fy","Maleson",1,0,1,0,2,"Smash N' Magic - 3rd Edition"
"Fy","Mick",1,1,0,2,0,"Battle Of Hyrule"
"Fy","Ozzy",1,0,1,0,2,"Smash N' Magic - 2nd Edition"
"Fy","Pova",1,1,0,2,0,"Smash N' Magic - 2nd Edition"
"Fy","S/Chance",1,0,1,0,2,"Smash N' Magic"
"Fy","Sabino",1,0,1,0,2,"Smash n' Magic - 4th Edition"
"Fy","Simic",1,0,1,0,2,"Smash N' Magic"
"Fy","Vallcrist",1,1,0,2,1,"Smash N' Magic"
"Fy","Vlory",1,1,0,2,0,"Smash N' Magic"
"Fy","Vyse",1,0,1,1,2,"Try Hard Smash in Rio #1"
"Fy","Wright",1,1,0,2,0,"Battle Of Hyrule"
"Gim","GUCCI",1,0,1,0,2,"Fight in Rio for the Future"
"Gim","ippo",1,1,0,2,0,"Smash N' Magic"
"Gim","Janjão",1,0,1,0,2,"Fight in Rio for the Future"
"Gim","LCS",1,1,0,2,1,"Smash N' Magic - 3rd Edition"
"Gim","Leow",1,1,0,2,0,"Battle Of Hyrule"
"Gim","LonLon",1,1,0,2,0,"Twilight's Awakening"
"Gim","LUGIA",1,0,1,0,2,"Smash Season Fest: Smash Heat"
"Gim","Maleson",1,0,1,0,2,"Smash N' Magic"
"Gim","Miguelindo",1,1,0,2,0,"Fight in Rio for the Future"
"Gim","Morkez",1,0,1,1,2,"Smash N' Magic - 3rd Edition"
"Gim","Naty",1,0,1,1,2,"Smash N' Magic - 2nd Edition"
"Gim","Pova",1,1,0,2,0,"Smash N' Magic - 2nd Edition"
"Gim","RoD",1,0,1,0,2,"Koopa Armada"
"Gim","S/Chance",1,0,1,0,2,"Battle Of Hyrule"
"Gim","Simic",1,0,1,0,2,"Smash N' Magic - 2nd Edition"
"Gim","Sosser",1,0,1,0,2,"Twilight's Awakening"
"Gim","Talberon",1,1,0,2,0,"Smash N' Magic - 3rd Edition"
"Gim","Ultimate",1,0,1,1,2,"Smash n' Magic - 5th Edition"
"GodUsopp","Maleson",1,0,1,0,2,"Koopa Armada"
"Golfinho","GUCCI",1,1,0,2,0,"Smash N' Magic - 2nd Edition"
"Golfinho","JBB",1,1,0,2,0,"Smash N' Magic - 2nd Edition"
"Golfinho","Mimok",1,1,0,2,1,"Smash N' Magic - 2nd Edition"
"Gotelho","Joaoarara",1,0,1,0,2,"Koopa Armada"
"GUCCI","Jayache",1,1,0,2,0,"Smash n' Magic - 4th Edition"
"GUCCI","João Lagoas",1,0,1,0,2,"Smash N' Magic - 2nd Edition"
"GUCCI","Lily",1,1,0,2,0,"Smash N' Magic - 2nd Edition"
"GUCCI","Luffy",1,0,1,1,2,"Fight in Rio for the Future"
"GUCCI","Minus",1,0,1,1,2,"Smash n' Magic - 4th Edition"
"GUCCI","Morkez",1,0,1,0,2,"Smash N' Magic - 3rd Edition"
"GUCCI","Sabino",1,0,1,0,2,"Smash n' Magic - 4th Edition"
"GUCCI","Sully",1,1,0,2,0,"Smash N' Magic - 2nd Edition"
"GUCCI","Vyse",1,0,1,0,2,"Battle Of Hyrule"
"Guizo","Joaoarara",1,0,1,0,2,"Koopa Armada"
"Guizo","Lily",1,1,0,2,0,"Smash N' Magic - 2nd Edition"
"Guizo","Lucky Luciano",1,1,0,2,1,"Fight in Rio for the Future"
"Guizo","Miguelindo",1,1,0,2,0,"Koopa Armada"
"Guizo","Mimok",1,0,1,0,2,"Smash n' Magic - 4th Edition"
"Guizo","Rhunii",1,1,0,2,1,"Smash n' Magic - 4th Edition"
"Guizo","RitsuoFox",1,0,1,0,2,"Fight in Rio for the Future"
"Guizo","Sully",1,0,1,0,2,"Smash N' Magic - 2nd Edition"
"Guizo","Tuca",1,0,1,0,2,"Fight in Rio for the Future"
"Guizo","Vyse",1,0,1,1,2,"Smash N' Magic - 3rd Edition"
"Haxwei","JBB",1,1,0,2,0,"Twilight's Awakening"
"Haxwei","Jim",1,1,0,2,0,"Try Hard Smash in Rio #1"
"Haxwei","Lou",1,1,0,2,0,"Battle Of Hyrule"
"Haxwei","Luckstorm",1,1,0,2,0,"Smash N' Magic - 2nd Edition"
"Haxwei","LUGIA",1,0,1,1,2,"Battle Of Hyrule"
"Haxwei","Minus",1,1,0,2,1,"Smash Season Fest: Smash Heat"
"Haxwei","Naval",1,0,1,1,2,"Smash N' Magic"
"Haxwei","Polon",1,1,0,2,0,"Smash N' Magic - 2nd Edition"
"Haxwei","Rates",1,1,0,2,0,"Smash Season Fest: Falling Leaves"
"Haxwei","RevoS",1,0,1,0,2,"Smash N' Magic - 3rd Edition"
"Haxwei","Sky",1,0,1,0,2,"Twilight's Awakening"
"Haxwei","Sully",1,1,0,2,0,"Smash Season Fest: Falling Leaves"
"HeadBenzi","Ihmo",1,1,0,2,0,"Smash Season Fest: Smash Heat"
"HeadBenzi","LeoDT",1,0,1,0,2,"Smash Heat 2"
"HeadBenzi","Mimok",1,0,1,0,2,"Smash Season Fest: Smash Heat"
"HeadBenzi","Roboto",1,0,1,0,2,"Smash Heat 2"
"HeadBenzi","Thurler",1,1,0,2,0,"Smash Season Fest: Smash Heat"
"Ihmo","JoJo Rama",1,1,0,2,0,"Smash Heat 2"
"Ihmo","Luffy",1,0,1,1,2,"Battle Of Hyrule"
"Ihmo","Maleson",1,1,0,2,1,"Try Hard Smash in Rio #1"
"Ihmo","Monad0",1,1,0,2,0,"Smash Season Fest: Smash Heat"
"Ihmo","Naval",1,0,1,1,2,"Smash N' Magic"
"Ihmo","Ozzy",1,1,0,2,0,"Smash n' Magic - 5th Edition"
"Ihmo","Raphael Vieitas",1,1,0,2,0,"Smash N' Magic"
"Ihmo","Rates",1,1,0,2,0,"Smash Season Fest: Smash Heat"
"Ihmo","S/Chance",1,1,0,2,1,"Fight in Rio for the Future"
"Ihmo","Sabino",1,0,1,0,2,"Smash Heat 2"
"Ihmo","Sosser",1,0,1,1,2,"Battle Of Hyrule"
"Inu","Magician",1,1,0,2,0,"Fight in Rio for the Future"
"Inu","Owlogy",1,1,0,2,0,"Smash N' Magic"
"Inu","Ramon",1,0,1,0,2,"Smash N' Magic"
"Inu","Sky",1,0,1,1,2,"Fight in Rio for the Future"
"Inu","Ultimate",1,0,1,0,2,"Smash N' Magic"
"Inu","Vyse",1,0,1,0,2,"Fight in Rio for the Future"
"ippo","Polon",1,0,1,0,2,"Smash N' Magic"
"IzZI127","Leso",1,1,0,2,1,"Koopa Armada"
"IzZI127","Messias",1,1,0,2,0,"Koopa Armada"
"IzZI127","Ramon",1,0,1,0,2,"Smash N' Magic"
"IzZI127","S/Chance",1,0,1,0,2,"Smash N' Magic"
"IzZI127","Vyse",1,0,1,0,2,"Koopa Armada"
"Jab Air","KD",1,1,0,2,1,"Koopa Armada"
"Jab Air","MiniGoku",1,1,0,2,1,"Koopa Armada"
"Jab Air","Patraozin",1,1,0,2,0,"Koopa Armada"
"Jab Air","RitsuoFox",1,1,0,2,0,"Koopa Armada"
"Jab Air","Sabino",1,0,1,1,2,"Koopa Armada"
"JackEvil","Steel",1,0,1,0,2,"Smash n' Magic - 4th Edition"
"Janjão","Luffy",1,0,1,0,2,"Fight in Rio for the Future"
"Janjão","Naty",1,1,0,2,0,"Fight in Rio for the Future"
"Janjão","RitsuoFox",1,0,1,1,3,"Fight in Rio for the Future"
"Jao","LCS",1,0,1,1,2,"Smash N' Magic - 3rd Edition"
"Jao","Luma",1,1,0,2,0,"Smash Season Fest: Smash Heat"
"Jao","Maleson",1,0,1,1,2,"Smash n' Magic - 4th Edition"
"Jao","Mick",1,0,1,1,2,"Smash n' Magic - 4th Edition"
"Jao","Professor",1,0,1,1,2,"Smash N' Magic - 3rd Edition"
"Jao","RndNess",1,0,1,1,2,"Smash Season Fest: Smash Heat"
"Jao","RoD",1,1,0,2,0,"Smash Season Fest: Smash Heat"
"Jao","Steel",1,1,0,2,0,"Smash n' Magic - 4th Edition"
"Jayache","Sabino",1,0,1,0,2,"Koopa Armada"
"Jayache","Sully",1,0,1,1,2,"Try Hard Smash in Rio #1"
"Jaycee","Joaoarara",1,1,0,2,0,"Fight in Rio for the Future"
"Jaycee","Lucky Luciano",1,1,0,2,0,"Fight in Rio for the Future"
"Jaycee","mysterE",1,0,1,0,2,"Fight in Rio for the Future"
"JBB","Mick",1,1,0,2,0,"Smash N' Magic - 2nd Edition"
"JBB","Morkez",1,1,0,2,1,"Smash N' Magic - 2nd Edition"
"JBB","Nenfz",1,0,1,0,2,"Battle Of Hyrule"
"JBB","Owlogy",1,1,0,2,0,"Smash N' Magic - 2nd Edition"
"JBB","Ozzy",1,1,0,2,0,"Battle Of Hyrule"
"JBB","Sosser",1,0,1,0,2,"Twilight's Awakening"
"Jim","RitsuoFox",1,0,1,0,2,"Try Hard Smash in Rio #1"
"João Lagoas","mysterE",1,1,0,2,1,"Smash N' Magic - 2nd Edition"
"João Lagoas","RevoS",1,0,1,0,2,"Smash N' Magic - 2nd Edition"
"João Lagoas","S/Chance",1,1,0,3,2,"Smash N' Magic - 2nd Edition"
"João Lagoas","Sky",1,0,1,1,3,"Smash N' Magic - 2nd Edition"
"Joaoarara","LeoDT",1,0,1,1,2,"Smash N' Magic"
"Joaoarara","Maleson",1,1,0,2,0,"Smash n' Magic - 4th Edition"
"Joaoarara","Mick",1,1,0,2,0,"Smash n' Magic - 4th Edition"
"Joaoarara","mysterE",1,1,0,3,2,"Smash N' Magic - 3rd Edition"
"Joaoarara","Naval",1,0,1,0,2,"Smash N' Magic"
"Joaoarara","Oops",1,1,0,2,0,"Smash N' Magic - 2nd Edition"
"Joaoarara","Proliel",1,1,0,2,0,"Smash n' Magic - 5th Edition"
"Joaoarara","RevoS",1,0,1,1,3,"Smash N' Magic - 3rd Edition"
"Joaoarara","Rhunii",1,1,0,2,0,"Smash N' Magic - 3rd Edition"
"Joaoarara","RitsuoFox",1,0,1,0,2,"Fight in Rio for the Future"
"Joaoarara","Roc~",1,1,0,2,1,"Smash N' Magic - 3rd Edition"
"Joaoarara","Sabino",1,0,1,0,2,"Battle Of Hyrule"
"Joaoarara","SKPeter",1,0,1,0,2,"Koopa Armada"
"Joaoarara","Sky",1,0,1,0,2,"Smash Season Fest: Smash Heat"
"Joaoarara","Sosser",1,0,1,0,2,"Twilight's Awakening"
"Joaoarara","Stiltzkin",1,1,0,2,0,"Fight in Rio for the Future"
"Joaoarara","Tuca",1,1,0,2,1,"Fight in Rio for the Future"
"Joaoarara","Ultimate",1,0,1,1,2,"Smash N' Magic - 3rd Edition"
"Joaoarara","Vyse",1,1,0,2,0,"Smash Season Fest: Smash Heat"
"JoJo Rama","Kira",1,0,1,0,2,"Smash N' Magic"
"Kai","Strig",1,0,1,0,2,"Smash n' Magic - 4th Edition"
"kiNg","Magician",1,0,1,0,2,"Twilight's Awakening"
"kiNg","RoD",1,0,1,0,2,"Twilight's Awakening"
"Kira","LUGIA",1,0,1,0,2,"Smash N' Magic"
"Korn","Zombie Hunter",1,1,0,2,0,"Koopa Armada"
"Korn","Zord",1,0,1,0,2,"Koopa Armada"
"Lance","Maleson",1,0,1,0,2,"Smash Heat 2"
"LCS","mysterE",1,0,1,0,2,"Smash N' Magic - 3rd Edition"
"LCS","RevoS",1,0,1,0,2,"Battle Of Hyrule"
"LCS","Samurai do Lamen",1,1,0,2,0,"Smash N' Magic - 3rd Edition"
"LCS","Strig",1,1,0,2,1,"Battle Of Hyrule"
"LCS","Vyse",1,0,1,0,2,"Smash n' Magic - 4th Edition"
"LeoDT","Mick",1,1,0,2,0,"Smash N' Magic"
"LeoDT","Mimok",1,0,1,1,3,"Smash Heat 2"
"LeoDT","RevoS",1,0,1,1,2,"Smash Heat 2"
"LeoDT","S/Chance",1,0,1,0,2,"Smash Season Fest: Smash Heat"
"LeoDT","Sandman",1,1,0,2,0,"Smash N' Magic"
"Leow","Mick",1,0,1,0,2,"Fight in Rio for the Future"
"Leow","Ozzy",1,0,1,0,2,"Fight in Rio for the Future"
"Leso","Luffy",1,0,1,0,2,"Koopa Armada"
"Leso","Moonflair",1,1,0,2,0,"Koopa Armada"
"Leso","Mr. Z",1,1,0,2,0,"Koopa Armada"
"Linus","Miguelindo",1,0,1,0,2,"Koopa Armada"
"LonLon","Mick",1,0,1,0,2,"Twilight's Awakening"
"Lorenzo","Roc~",1,0,1,0,2,"Koopa Armada"
"Lou","Luckstorm",1,0,1,0,2,"Smash N' Magic - 3rd Edition"
"Lou","Luffy",1,0,1,0,2,"Smash n' Magic - 4th Edition"
"Lou","Roc~",1,0,1,1,2,"Battle Of Hyrule"
"Lucas Portes","Magician",1,1,0,2,0,"Fight in Rio for the Future"
"Lucas Portes","S/Chance",1,0,1,0,2,"Fight in Rio for the Future"
"Lucas Portes","Sky",1,0,1,0,2,"Fight in Rio for the Future"
"Luckstorm","Luffy",1,0,1,0,2,"Try Hard Smash in Rio #1"
"Luckstorm","Maycky",1,1,0,2,0,"Smash N' Magic - 2nd Edition"
"Luckstorm","Naval",1,0,1,0,2,"Smash Season Fest: Falling Leaves"
"Luckstorm","Ozzy",1,0,1,0,2,"Smash N' Magic - 3rd Edition"
"Luckstorm","S/Chance",1,0,1,1,2,"Smash N' Magic - 2nd Edition"
"Luckstorm","Sabino",1,0,1,0,2,"Battle Of Hyrule"
"Luffy","Maleson",1,1,0,2,0,"Smash n' Magic - 5th Edition"
"Luffy","Mimok",1,1,0,2,0,"Try Hard Smash in Rio #1"
"Luffy","Morkez",1,1,0,2,0,"Smash N' Magic - 2nd Edition"
"Luffy","mysterE",1,1,0,3,0,"Fight in Rio for the Future"
"Luffy","Proliel",1,1,0,2,0,"Fight in Rio for the Future"
"Luffy","Roboto",1,1,0,3,1,"Smash n' Magic - 5th Edition"
"Luffy","Roc~",1,1,0,2,0,"Koopa Armada"
"Luffy","Thales",1,1,0,2,0,"Koopa Armada"
"Luffy","ThiFesta",1,1,0,2,0,"Try Hard Smash in Rio #1"
"Luffy","Vyse",1,1,0,2,0,"Battle Of Hyrule"
"LUGIA","Maleson",1,1,0,2,0,"Smash Season Fest: Smash Heat"
"LUGIA","Mimok",1,1,0,3,0,"Smash n' Magic - 4th Edition"
"LUGIA","Morkez",1,1,0,2,1,"Smash Season Fest: Falling Leaves"
"LUGIA","Naval",1,1,0,3,0,"Smash N' Magic"
"LUGIA","Prime",1,1,0,2,0,"Smash Season Fest: Falling Leaves"
"LUGIA","RitsuoFox",1,1,0,3,1,"Smash n' Magic - 4th Edition"
"LUGIA","S/Chance",1,1,0,2,0,"Smash N' Magic"
"LUGIA","Sky",1,1,0,2,0,"Twilight's Awakening"
"LUGIA","Thurler",1,1,0,2,0,"Smash Season Fest: Smash Heat"
"Luij","Pete",1,0,1,0,2,"Koopa Armada"
"LukeThomaz","Quantumleaper NEO",1,0,1,0,2,"Koopa Armada"
"LukeThomaz","Rhunii",1,0,1,0,2,"Fight in Rio for the Future"
"Luma","Mini Roc",1,1,0,2,0,"Koopa Armada"
"Luma","Pete",1,1,0,2,0,"Koopa Armada"
"Luma","Sabino",1,0,1,0,2,"Koopa Armada"
"Luma","Vyse",1,0,1,0,2,"Smash Season Fest: Smash Heat"
"Magician","Mini Vegeta",1,1,0,2,0,"Battle Of Hyrule"
"Magician","mysterE",1,0,1,0,2,"Twilight's Awakening"
"Magician","Naty",1,0,1,0,2,"Battle Of Hyrule"
"Magician","Ryvius",1,0,1,0,2,"Smash N' Magic"
"Magician","Sky",1,0,1,0,2,"Twilight's Awakening"
"Maleson","Miguelindo",1,1,0,2,0,"Try Hard Smash in Rio #1"
"Maleson","Monad0",1,1,0,2,0,"Smash Season Fest: Smash Heat"
"Maleson","Morkez",1,1,0,2,0,"Battle Of Hyrule"
"Maleson","Rates",1,1,0,2,1,"Smash Season Fest: Falling Leaves"
"Maleson","Ren",1,1,0,2,0,"Smash N' Magic - 3rd Edition"
"Maleson","RoD",1,1,0,2,0,"Koopa Armada"
"Maleson","Sabino",1,1,0,3,2,"Koopa Armada"
"Maleson","Saiduke",1,1,0,2,0,"Smash N' Magic - 2nd Edition"
"Maleson","Shinomori",1,1,0,2,0,"Smash n' Magic - 4th Edition"
"Maleson","Sky",1,0,1,0,2,"Battle Of Hyrule"
"Maleson","Sosser",1,0,1,0,2,"Battle Of Hyrule"
"Maleson","ThiFesta",1,1,0,2,0,"Smash Season Fest: Smash Heat"
"Maleson","Vyse",1,1,0,2,1,"Battle Of Hyrule"
"Maycky","Owlogy",1,1,0,2,0,"Koopa Armada"
"Maycky","Renault",1,1,0,2,1,"Koopa Armada"
"Maycky","Zord",1,0,1,1,2,"Koopa Armada"
"mega","RoD",1,0,1,0,2,"Smash n' Magic - 5th Edition"
"Messias","PokaTranca",1,1,0,2,1,"Koopa Armada"
"Messias","Sully",1,0,1,1,2,"Koopa Armada"
"Mick","Miguelindo",1,1,0,2,0,"Twilight's Awakening"
"Mick","Morkez",1,1,0,2,0,"Smash Season Fest: Falling Leaves"
"Mick","mysterE",1,0,1,0,2,"Twilight's Awakening"
"Mick","PokaTranca",1,1,0,2,0,"Koopa Armada"
"Mick","Polon",1,1,0,2,1,"Battle Of Hyrule"
"Mick","Prime",1,0,1,0,2,"Smash Season Fest: Falling Leaves"
"Mick","Rhunii",1,0,1,0,2,"Smash N' Magic - 3rd Edition"
"Mick","Roc~",1,0,1,0,2,"Koopa Armada"
"Mick","RoD",1,1,0,2,1,"Smash Season Fest: Falling Leaves"
"Mick","Sully",1,1,0,2,1,"Smash n' Magic - 5th Edition"
"Mick","Wright",1,0,1,0,2,"Smash N' Magic - 2nd Edition"
"Miguelindo","Naty",1,0,1,0,2,"Fight in Rio for the Future"
"Miguelindo","S/Chance",1,0,1,0,2,"Smash n' Magic - 4th Edition"
"Miguelindo","Strig",1,1,0,2,0,"Twilight's Awakening"
"Miguelindo","ThiFesta",1,1,0,2,0,"Twilight's Awakening"
"Mimok","Proliel",1,1,0,2,0,"Try Hard Smash in Rio #1"
"Mimok","RitsuoFox",1,0,1,0,2,"Smash n' Magic - 4th Edition"
"Mimok","Sosser",1,0,1,0,2,"Twilight's Awakening"
"Mimok","Sully",1,1,0,2,0,"Smash Season Fest: Smash Heat"
"Mini Vegeta","Ultimate",1,0,1,0,2,"Battle Of Hyrule"
"MiniGoku","Patraozin",1,1,0,2,0,"Koopa Armada"
"MiniGoku","Prolo",1,1,0,2,0,"Koopa Armada"
"MiniGoku","Sosser",1,0,1,0,2,"Koopa Armada"
"Minus","Rates",1,1,0,2,0,"Smash Season Fest: Smash Heat"
"Monad0","RitsuoFox",1,0,1,0,2,"Koopa Armada"
"Moonflair","Ozzy",1,1,0,2,1,"Koopa Armada"
"Moonflair","Sully",1,1,0,2,0,"Koopa Armada"
"Moonflair","Thales",1,1,0,2,0,"Koopa Armada"
"Morkez","Professor",1,1,0,2,0,"Smash N' Magic - 3rd Edition"
"Morkez","Sky",1,0,1,0,2,"Smash N' Magic - 3rd Edition"
"Morkez","Vyse",1,0,1,0,2,"Try Hard Smash in Rio #1"
"Muju","Naval",1,0,1,1,2,"Smash Season Fest: Falling Leaves"
"Muju","Sabino",1,0,1,1,2,"Smash Season Fest: Falling Leaves"
"mysterE","RevoS",1,0,1,0,2,"Battle Of Hyrule"
"mysterE","Roboto",1,0,1,1,3,"Smash N' Magic - 3rd Edition"
"mysterE","Sky",1,1,0,2,1,"Smash N' Magic - 3rd Edition"
"mysterE","Snek",1,1,0,2,0,"Fight in Rio for the Future"
"mysterE","Tuca",1,1,0,2,0,"Fight in Rio for the Future"
"mysterE","Vyse",1,1,0,2,1,"Twilight's Awakening"
"Najjar","Naty",1,0,1,0,2,"Battle Of Hyrule"
"Naty","Ozzy",1,0,1,0,2,"Smash N' Magic"
"Naty","Prime",1,0,1,0,2,"Smash Season Fest: Smash Heat"
"Naty","Shinomori",1,1,0,2,0,"Smash n' Magic - 4th Edition"
"Naty","Sky",1,0,1,0,2,"Smash n' Magic - 5th Edition"
"Naty","Ultimate",1,0,1,0,2,"Battle Of Hyrule"
"Naval","Rates",1,1,0,2,0,"Smash Heat 2"
"Naval","RevoS",1,0,1,1,2,"Smash Season Fest: Falling Leaves"
"Naval","Sully",1,1,0,2,0,"Smash Heat 2"
"Naval","Ultimate",1,0,1,1,2,"Smash Heat 2"
"Nenfz","Ren",1,1,0,2,0,"Battle Of Hyrule"
"Neoob","Sully",1,0,1,1,2,"Koopa Armada"
"Neptune","RoD",1,0,1,0,2,"Koopa Armada"
"Neptune","Zord",1,0,1,0,2,"Koopa Armada"
"Nyer","Proliel",1,0,1,1,2,"Fight in Rio for the Future"
"Oops","Raphael Vieitas",1,1,0,2,0,"Smash N' Magic - 2nd Edition"
"Oops","Wright",1,0,1,1,2,"Smash N' Magic - 2nd Edition"
"Owlogy","S/Chance",1,0,1,0,2,"Smash N' Magic"
"Owlogy","Wright",1,0,1,0,2,"Smash N' Magic - 2nd Edition"
"Ozzy","Pete",1,1,0,2,0,"Smash Heat 2"
"Ozzy","RevoS",1,0,1,0,2,"Twilight's Awakening"
"Ozzy","Rhunii",1,1,0,2,1,"Smash n' Magic - 5th Edition"
"Ozzy","RoD",1,1,0,2,1,"Smash Heat 2"
"Ozzy","Sandman",1,1,0,2,0,"Smash N' Magic"
"Ozzy","Shiv",1,1,0,2,0,"Smash n' Magic - 4th Edition"
"Ozzy","Sky",1,0,1,0,2,"Smash N' Magic"
"Ozzy","Taunt",1,1,0,2,0,"Smash N' Magic - 3rd Edition"
"Ozzy","test",1,1,0,2,0,"Smash N' Magic - 3rd Edition"
"P.Vicious","Taunt",1,1,0,2,1,"Smash N' Magic - 3rd Edition"
"P.Vicious","test",1,0,1,1,2,"Smash N' Magic - 3rd Edition"
"Pete","Raphael Vieitas",1,0,1,1,2,"Smash N' Magic"
"Pete","Sonic Orochi",1,0,1,0,2,"Koopa Armada"
"Player 7","Roboto",1,1,0,2,0,"Fight in Rio for the Future"
"Polon","RevoS",1,0,1,0,2,"Smash N' Magic"
"Polon","Steel",1,1,0,2,0,"Battle Of Hyrule"
"Polon","Wright",1,1,0,2,1,"Battle Of Hyrule"
"Prime","Roboto",1,0,1,0,2,"Smash Season Fest: Falling Leaves"
"Prime","Sabino",1,0,1,0,3,"Smash Season Fest: Smash Heat"
"Professor","Roc~",1,0,1,0,2,"Smash N' Magic - 3rd Edition"
"Proliel","RoD",1,1,0,2,0,"Smash n' Magic - 5th Edition"
"Prolo","RitsuoFox",1,0,1,1,2,"Koopa Armada"
"Quantumleaper NEO","Roboto",1,0,1,0,2,"Koopa Armada"
"Quantumleaper NEO","TROVS",1,1,0,2,0,"Koopa Armada"
"Rates","ThiFesta",1,1,0,2,0,"Smash Heat 2"
"Ren","S/Chance",1,0,1,0,2,"Smash N' Magic - 3rd Edition"
"RevoS","S/Chance",1,1,0,2,1,"Smash Season Fest: Falling Leaves"
"Rhunii","Roboto",1,0,1,0,2,"Fight in Rio for the Future"
"Rhunii","Sabino",1,0,1,0,2,"Smash n' Magic - 5th Edition"
"RitsuoFox","Sabino",1,0,1,0,2,"Koopa Armada"
"RitsuoFox","Sky",1,0,1,2,3,"Fight in Rio for the Future"
"RitsuoFox","Snek",1,1,0,2,0,"Fight in Rio for the Future"
"RitsuoFox","Stiltzkin",1,1,0,2,0,"Fight in Rio for the Future"
"RitsuoFox","Vyse",1,1,0,2,1,"Try Hard Smash in Rio #1"
"RndNess","Roc~",1,0,1,0,2,"Smash Season Fest: Smash Heat"
"RndNess","Ryvius",1,1,0,2,0,"Smash N' Magic"
"Roboto","SKPeter",1,1,0,2,0,"Koopa Armada"
"Roboto","Sky",1,0,1,1,3,"Smash Season Fest: Smash Heat"
"Roboto","Vallcrist",1,1,0,2,0,"Smash N' Magic"
"Roc~","Samurai do Lamen",1,1,0,2,0,"Smash N' Magic - 3rd Edition"
"Roc~","Sully",1,1,0,2,0,"Smash Heat 2"
"RoD","S/Chance",1,0,1,0,2,"Twilight's Awakening"
"RoD","Sully",1,0,1,1,2,"Smash n' Magic - 4th Edition"
"RoD","Unexpected",1,0,1,0,2,"Smash N' Magic"
"S/Chance","Simic",1,1,0,2,0,"Smash N' Magic"
"S/Chance","Sky",1,0,1,0,2,"Twilight's Awakening"
"S/Chance","Swiss",1,1,0,2,0,"Fight in Rio for the Future"
"S/Chance","Ultimate",1,0,1,1,2,"Smash N' Magic - 3rd Edition"
"S/Chance","Vyse",1,1,0,2,0,"Smash N' Magic - 3rd Edition"
"Sabino","Sky",1,0,1,1,2,"Smash N' Magic - 3rd Edition"
"Shinomori","Sky",1,0,1,0,2,"Smash n' Magic - 5th Edition"
"Simic","Snek",1,1,0,2,0,"Smash N' Magic"
"Simic","ThiFesta",1,0,1,0,2,"Smash Season Fest: Smash Heat"
"SKPeter","Sky",1,0,1,0,2,"Koopa Armada"
"Sky","Steel",1,1,0,2,0,"Battle Of Hyrule"
"Sky","Thiago Neoob",1,1,0,2,0,"Koopa Armada"
"Sky","Unexpected",1,1,0,2,0,"Smash N' Magic"
"Snek","test",1,0,1,1,2,"Smash N' Magic - 3rd Edition"
"Snek","Vlory",1,1,0,2,1,"Smash N' Magic"
"Sonic Orochi","Sosser",1,0,1,0,2,"Koopa Armada"
"Sully","Vyse",1,0,1,0,2,"Koopa Armada"
"Swiss","Vyse",1,0,1,0,2,"Fight in Rio for the Future"
"ThiFesta","Ultimate",1,0,1,0,2,"Koopa Armada"
